id,workstream,title,action,acceptance,depends_on,stage,source,status,disposition
I001,integration,Freeze product scope,"Record Paper 1 single-binary scope, required B/O/D source chapters, optional features and Paper 2 exclusions.","No mandatory task implements rolling, spread, basket or conditional products; source alternatives remain findable.",,G0,User scope; R §§3–4 pp.5–9; B §3; D §1,Not started,Integration decision/gate
I002,integration,Record architecture decisions,"Resolve economic, liquidation, index, funding, unit, INVALID and deployment conflicts in C02–C43 with a selected branch and rationale.",Each conflict has an owner and status; no implementation document contains two active contradictory rules.,I001,G0,B §§4–16; O §1; D §§3–12,Not started,Integration decision/gate
I003,integration,Freeze notation and numeric types,"Create signed-position, lot, tick, atom, rate, OI and timestamp definitions plus conversion vectors.",B x maps to D n and B c to D C−N; tick/lot multiplication and final payout vectors are exact.,I002,G0,"B §§3–4 pp.3–6; D §§1,3 pp.3–7; O §4",Not started,Integration decision/gate
I004,integration,Separate mutable and immutable config,Assign every configuration field to immutable listing data or an explicitly bounded risk update mechanism.,"Oracle sources, rules and INVALID terms cannot be changed by risk governance; hazard and cap updates have documented bounds.",I002,G0,"B §§7,16,18; O §§3–4,10 ORC-1",Not started,Integration decision/gate
I005,integration,Freeze engine and oracle state interface,"Define separate engine stage and oracle state enums and full transition/function matrix, including failed panels, NOT_YET and timeout Open entry.","Every state-diagram edge is callable or time-derived, and oracle Open never reopens trading.",I002; I003; I004,G0,"B §10; O §§2,6–7,9; D §§4,11",Not started,Integration decision/gate
I006,integration,Freeze event and read schema,"Specify engine/oracle events and frontend views with source identities, units, timestamps, block identity and versioning.","A mock dataset populates every required trading, reserve, resolution and claims field without fabricated calculations.",I003; I005,G0,"B §§4,9–16; O §11; D §11",Not started,Integration decision/gate
I007,integration,Create cross-ledger reference vectors,"Reproduce a fill increase, reduction, flip, funding payment and NO/YES payout in B and D notation.",Virtual cash and conservation agree after the exact algebraic mapping; incompatible economics stay labeled.,I003; B009,G1,"B §§4–5,19; D §3",Not started,Integration decision/gate
I008,integration,Specify funding allowance consumption,"Define absolute funding-budget consumption, OI-change reauthorization, sign reversal, OI zero and epoch expiry rules.",Multiple rate reversals never spend more reserve budget than authorized; zero OI performs no division.,I003; I007,G1,"B §§9,12 pp.12,19–20",Not started,Integration decision/gate
I009,integration,Specify premium checkpoint semantics,"Define simple or compounded deficit charging, funding drift handling, hazard boundary updates and first-six-hour surcharge age.",A touched account and a long-untouched account settle to the stated model with a proved coverage bound.,I003; I007,G1,B §9 pp.12–13; INV-10,Not started,Integration decision/gate
I010,integration,Validate risk model domains,"Add explicit guards for a0+a1, residual epsilon, zero time, margin saturation and reduction discriminants.",Invalid domains switch to an explicitly selected safe state and never evaluate undefined divisions or square roots.,I002; I003,G1,"B §§6,8,10; D §§2,4",Not started,Integration decision/gate
I011,integration,Complete resting-order admission,"Integrate order value sums, maximum fees, funding/premium accrual, epoch invalidation and maker-health semantics.",Adversarial resting orders cannot bypass either endpoint margin or outcome coverage after a time/rate/price change.,I007; I008; I009; I010,G1,"B §§9,11; D §9.6–9.8",Not started,Integration decision/gate
I012,integration,Adapt Book and Clearing hooks,"Define callbacks using selected lot types, order tick/value, epoch and premium state, retaining bounded failed-maker handling.",Rest/unrest exactly updates Qb/Vb/Qa/Va; size and unit conversions match the reference engine.,I003; I011,G2,B §11; D §9.8,Not started,Integration decision/gate
I013,integration,Resolve epoch and generation encoding,Choose market/account epoch storage and generation overflow policy with selected packed order structure.,"Stale cancel/claim cannot affect a reused slot, including boundary and generation-exhaustion tests.",I002; I012,G2,B §11 p.18; D §9.5 p.15,Not started,Integration decision/gate
I014,integration,Integrate book budget and batching,"Use a gas-bounded step counter including invalid orders, idempotent cancels and skipped crossing post-only orders.",Protocol bound and UI maxFills default are separately exposed; no crossed remainder rests after budget exhaustion.,I012; I013; B034; B037,G2,B §11; D §§9.6–9.7,Not started,Integration decision/gate
I015,integration,Implement provisional event reconciliation,Join Envio snapshots with live pending block events and confirm/revert by block identity.,An abandoned proposal removes provisional fills and restores depth/position displays without duplicating finalized events.,I006; I014; D073,G2,"D §10.1,10.6,11.5",Not started,Integration decision/gate
I016,integration,Wire account preview and constraints,"Expose authoritative order/withdrawal preview including stage, margin, reserve slack, premium, funding and precision.",The UI presents the same rejection reason and maximum admitted amount as the engine for selected scenarios.,I006; I011; I014; B048; B052,G2,"B §§8–13,16; D §11.5",Not started,Integration decision/gate
I017,integration,Mechanize the 1x boundary,"Select and implement account treatment at the full-backing deadline, including absent keepers and outstanding deficits.",The test demonstrates the exact selected invariant across an idle deadline; residual deficits remain covered and cannot be hidden.,I005; I008; I009; I011; B072,G3,"B §§10,17 INV-6/7/11; D §§4,6",Not started,Integration decision/gate
I018,integration,Freeze settlement snapshots in bounded batches,"Freeze common funding/premium cutoffs, account membership and parameter versions; add sweep cursor and completion gate.",Changing time or batch order cannot change totals; claims remain disabled before complete reconciliation.,I005; I008; I009; I017; B082,G3,B §14; D §8 frzCount,Not started,Integration decision/gate
I019,integration,Resolve early INVALID sample availability,"Define a listing-time rule for early halt/void when the specified pre-T TWAP window is incomplete, and for stale samples.",An early halt months before T has an explicit executable settlement-time policy shared by engine and OutcomeVault.,I004; I005; B006,G3,"B §14; O §§7.7,8.6; D §8 competing .5 rule",Not started,Integration decision/gate
I020,integration,Bind oracle callback authorization,Select direct OOv3 versus adapter callbacks and domain-separate panel/review signatures and assertion attempt identity.,Wrong sender/domain/attempt and late or replayed messages cannot halt or settle the market.,I005; I006; O002; O049,G3,"O §§5.4,6.3,6.6,7.4,9.1",Not started,Integration decision/gate
I021,integration,Complete oracle clocks and terminal transitions,Initialize halt/L2 clocks exactly once and make Voided-to-Final settlement atomic with terminal callback immunity.,Early NOT_YET cannot cause accidental public proposal/void; every post-halt path is bounded by its stated deadline.,I005; I019; I020; O003; O057,G3,"O §§2,5.6,6.7,7.7,9–10",Not started,Integration decision/gate
I022,integration,Reconcile treasury and public bonds,"Separate official assertion bonds, public proposer bonds/rewards and watchdog dispute float, including returned/slashed/stuck funds.",Treasury funds never draw from committed market reserve; each bond has one owner and reconciled terminal disposition.,I004; I020; O050; O051,G3,"O §§7.8–9,8.5,10 ORC-10",Not started,Integration decision/gate
I023,integration,Handle rejected and exclusive outcomes,"Persist rejected labels and attempt counts, and specify a terminal-safe response to a second group YES.",A rejected YES does not automatically become NO; no group has two finalized YES markets and no callback can strand a state indefinitely.,I020; I021; I022; O056,G3,"O §§7.4–5,10 ORC-5–9",Not started,Integration decision/gate
I024,integration,Connect public resolution interface,"Implement rules/evidence/vote/bond/deadline displays, live dispute and permissionless proposal actions with production/demo labels.",Every oracle state renders accurately and user actions call only the allowed contract path with the displayed bond.,I006; I021; I022; I023; O066; O067,G3,O §11; D §11.5,Not started,Integration decision/gate
I025,integration,Connect claims and conversion status,"Expose snapshot progress, selected cash/token mode, outcome/INVALID price, exceptional ratio and once-only claim state.",An account cannot claim twice or receive both cash and token settlement; OutcomeVault uses the identical INVALID rule.,I018; I019; I021; I024; B083; B084; B085,G3,B §14; O ORC-2/3,Not started,Integration decision/gate
I026,integration,Run end-to-end reserve stress fixture,"Execute an early adverse outcome, stale prices, funding allowance exhaustion and reserve takeover through the selected oracle.","Before and after both outcomes, held assets reconcile to payouts and retained balances; reserve coverage is checked at every step.",I016; I017; I025; B094; B096,G4,"B §§9–14,17–19; O §10.4",Not started,Integration decision/gate
I027,integration,Run all oracle fallback fixtures,"Execute feed timeout, failed panel, human review, dispute true/false/retry, public proposal and deadline INVALID.",Each source-required path reaches Final once with correct liveness and no post-terminal mutation.,I023; I024; I025; O077; O078; O079; O080,G4,"O §§7,10.4",Not started,Integration decision/gate
I028,integration,Publish parameter provenance and demo mode,"Record selected parameters, placeholders, measurements, confidence bounds, authority and separate demo clocks.",No source placeholder is mislabeled calibrated; frontend and contracts read the same versioned parameter manifest.,I004; I008; I010; I026; I027; B089; O072,G5,"B §§18,21; O §§8,12; D §12 missing roadmap values",Not started,Integration decision/gate
I029,integration,Rehearse release and operational recovery,"Measure selected chain gas/finality behavior, recover indexer/keepers after outage and rehearse all alerts using bounded log ranges.","Deployment manifest records measured assumptions; services recover without duplicate fills, assertions or claims.",I015; I026; I027; I028; B093; D077; D078,G5,"B §16; O §§9.3,11,13; D §§9.9,10–11",Not started,Integration decision/gate
I030,integration,Produce reproducible Paper 1 demo evidence,"Record trading, reserve-cover, compression, oracle assertion, dispute/fallback and claim receipts with source-mapped tests and limits.","The demo shows measured testnet behavior, labels team-mock arbitration and avoids claiming production safety or Paper 2 features.",I001; I026; I027; I028; I029,G5,"R §13 reference; B §18; O §§7.1,11; D §§10–13",Not started,Integration decision/gate
B001,build,Freeze payoff and market semantics,"Write the implementation decision record for binary payoff, short mirror, isolated margin, INVALID window, settlement clock, reserve waterfall and roles.","An approved record identifies immutable listing data, mutable bounded parameters and Paper 1 scope.",I002,Decision,"B §1–3, pp. 1–4; §18, p. 31",Not started,Proposed baseline; dependencies and decisions apply
B002,build,Resolve the 1x-floor invariant,Choose executable stage and bounded account-sweep semantics for the T−12h floor without assuming a keeper can update every account at a timestamp.,"The decision explains pending deficits, takeover progress and exact INV-6/INV-11 statements under keeper absence.",B001,Decision,"B §10, pp. 14–16; §17, pp. 30–31",Not started,Proposed baseline; dependencies and decisions apply
B003,build,Specify exact premium integration,"Define deficit changes from funding and premiums, premium index units, checkpoint order and six-hour surcharge cohort accounting.","A rational worked example reconciles all cash and reserve changes under funding drift, repeated touches and surcharge expiry.",B001,Decision,"B §4, p. 6; §9, pp. 12–13",Not started,Proposed baseline; dependencies and decisions apply
B004,build,Specify order validity over time,"Resolve market/account epochs, slot representation, generation wraparound and re-admission after changing risk parameters.",No stale maker can rely on an obsolete margin admission and both market and account cancellation semantics have explicit storage.,B001,Decision,"B §11, pp. 17–18; §17, pp. 30–31",Not started,Proposed baseline; dependencies and decisions apply
B005,build,Specify custody and reserve share value,"Resolve shared CollateralVault custody versus OutcomeVault backing and define reserve LP NAV, senior liabilities and inherited-position valuation.",A custody diagram and accounting identities prevent token and liability double counting across all vaults.,B001,Decision,"B §9, pp. 11–14; §16, pp. 27–29",Not started,Proposed baseline; dependencies and decisions apply
B006,build,Specify bounded settlement and incomplete INVALID windows,"Define freeze/materialization phases, fixed account list, early INVALID, missing observations and short-lived market handling.",All payouts remain blocked until frozen totals are complete and every unavailable TWAP case has a deterministic route.,B001,Decision,"B §13–15, pp. 20–26",Not started,Proposed baseline; dependencies and decisions apply
B007,build,Define numerical domain guards,"Specify branches for zero position/OI/depth, expired market, invalid probability sums, signed rounding, liquidation root limits and invalid review denominator.","Every source formula has documented inputs and a safe branch for denominator, square-root and exponential boundary cases.",B001,Decision,"B §4–15, pp. 5–26",Not started,Proposed baseline; dependencies and decisions apply
B008,build,Implement integer math and unit types,Create explicit atom/lot/tick/index conversions and signed up/down rounding with bounded intermediate products.,"n lots at tick t transfers n×t atoms; a winning lot pays 1,000 atoms; payer/receiver rounding sends all remainder to reserve.",B007,MVP,"B §4, p. 6; §18, p. 31",Not started,Proposed baseline; dependencies and decisions apply
B009,build,Implement rational ledger reference,"Build rational transitions for deposits, cash changes, fills, outcome equity and fees.",Random two-sided fills preserve positions and total cash with exact rational arithmetic.,B001,MVP,"B §4, pp. 5–6; §18, p. 31",Not started,Proposed baseline; dependencies and decisions apply
B010,build,Implement rational order reference,Model both order outcome deficit bounds and the two endpoint initial-margin test.,Enumerated partial-fill mixtures never exceed maintained outcome bounds; the 2.3-at-.55 counterexample rejects.,B009,MVP,"B §11, pp. 16–17",Not started,Proposed baseline; dependencies and decisions apply
B011,build,Implement rational risk reference,"Implement horizon, ordinary scale, directional hazards, drift, Cantelli k, MM and IM.",Long/short mirrors and full-backing switches reproduce B8 formula branches exactly.,B007; B009,Gated leverage,"B §6–8, pp. 7–11",Not started,Proposed baseline; dependencies and decisions apply
B012,build,Implement rational reserve reference,"Model outcome reserve values, touched-account deficit changes and coverage admission.",The two-wallet case needs 480 rather than 800 reserve and every admitted state covers each outcome.,B009; B010,MVP,"B §5, p. 7; §9, pp. 11–12",Not started,Proposed baseline; dependencies and decisions apply
B013,build,Implement rational funding reference,"Model old-rate accrual, OI-dependent absolute cash budget consumption and epoch termination.",Sign reversals and changing OI cannot reuse spent allowance; funding freezes without keeper calls.,B007; B009; B012,Gated leverage,"B §12, pp. 19–20",Not started,Proposed baseline; dependencies and decisions apply
B014,build,Implement rational premium reference,Implement the decided exact premium and surcharge semantics in rational arithmetic.,Touch frequency cannot change economic liability beyond declared rounding once integer refinement is applied.,B003; B009; B012,Gated leverage,"B §9, pp. 12–13",Not started,Proposed baseline; dependencies and decisions apply
B015,build,Implement rational liquidation reference,"Model pair trades, limited book closes and whole-account reserve transfer.",All reductions conserve positions and takeover never reduces either outcome coverage slack.,B011; B012,Gated leverage,"B §10, pp. 14–16",Not started,Proposed baseline; dependencies and decisions apply
B016,build,Implement rational settlement reference,"Model frozen claims, INVALID and complete-set conversion, including assumptions-failure haircut.","Claims in any permutation conserve assets; converted payouts equal cash for YES, NO and INVALID.",B005; B006; B009; B012,MVP,"B §9, p. 14; §14, pp. 22–23",Not started,Proposed baseline; dependencies and decisions apply
B017,build,Create invariant assertion harness,Encode INV-1 through INV-16 against the reference and contract state interfaces.,Each invariant has a runnable assertion and documented timing/scope from the resolved decision records.,B002; B004; B008; B009; B012; B016,MVP,"B §17, pp. 30–31",Not started,Proposed baseline; dependencies and decisions apply
B018,build,Implement governed market factory,Deploy per-market minimal-proxy components from approved templates with immutable question/source/INVALID data.,Unauthorized listing rejects and listed immutable fields cannot change through parameter administration.,B001; B005,MVP,"B §7, p. 9; §16, pp. 27–29",Not started,Proposed baseline; dependencies and decisions apply
B019,build,Enforce supported collateral behavior,Whitelist the configured six-decimal USDC token with no transfer fees and reject unsupported collateral.,Deployment validation records exact token address/behavior and unsupported token deposits fail.,B005,MVP,"B §1, p. 1; §16, p. 30",Not started,Proposed baseline; dependencies and decisions apply
B020,build,Implement vault deposits,Credit user free balances only for the supported collateral received by CollateralVault.,Deposit transitions preserve INV-1 and emit an auditable amount/account record.,B019; B008,MVP,"B §16, pp. 28–29",Not started,Proposed baseline; dependencies and decisions apply
B021,build,Implement market allocation,Move free balance into one market allocation and atomically credit its engine cash without token transfer.,Allocation preserves vault conservation and cannot credit cash twice or exceed free balance.,B020; B018,MVP,"B §16, pp. 28–29",Not started,Proposed baseline; dependencies and decisions apply
B022,build,Implement release and withdrawal,"Release market cash only after order-aware initial margin and coverage, then permit withdrawal from free balance.",A release that would consume committed backing rejects; successful withdrawals preserve both vault identities.,B021; B031; B052,MVP,"B §4, pp. 5–6; §16, p. 29",Not started,Proposed baseline; dependencies and decisions apply
B023,build,Implement engine ledger transitions,Store signed lots/cash/checkpoints and apply atomic two-account fills at the actual execution tick.,Fills preserve net positions and cash independently of index/mark changes.,B008; B009; B021,MVP,"B §4, pp. 5–6; §16, p. 28",Not started,Proposed baseline; dependencies and decisions apply
B024,build,Implement fee and rounding ledgers,Route trade fees using configured reserve/protocol split and put fixed-point remainder into reserve.,"All cash deductions reconcile to reserve, fee ledger or keeper entitlements with no unallocated dust.",B008; B023,MVP,"B §4, p. 6; §16, p. 29",Not started,Proposed baseline; dependencies and decisions apply
B025,build,Implement market account registry,Assign bounded account IDs and maintain append-only membership suitable for eventual snapshot freezing.,Every live position has one registry entry and frozen traversal cannot discover newly added accounts.,B006; B018,MVP,"B §11, p. 18; §14, p. 22",Not started,Proposed baseline; dependencies and decisions apply
B026,build,Implement packed order codec,Pack and unpack the source fields and resolved epoch extension without silent truncation.,Boundary values roundtrip; 32/16/48/32/32/32/32/24/8-bit source layout totals 256 bits; extension cost is explicit.,B004; B008; B025,MVP,"B §11, p. 18",Not started,Proposed baseline; dependencies and decisions apply
B027,build,Implement tick bitmap,Create four-word occupancy per side with bounded highest-bid/lowest-ask lookup.,Empty-word sentinel and boundary ticks 1/256/257/999 resolve correctly with no linear level scan.,B008,MVP,"B §11, pp. 17–18",Not started,Proposed baseline; dependencies and decisions apply
B028,build,Implement FIFO price levels,"Maintain head/tail, doubly linked orders and aggregate remaining quantity per price.","Insert, partial fill and arbitrary cancel preserve FIFO and exact level sums.",B026; B027,MVP,"B §11, pp. 17–18",Not started,Proposed baseline; dependencies and decisions apply
B029,build,Implement slot reuse and stale IDs,Allocate/free slots and bind each order identifier to its reuse generation.,A stale-generation cancel or claim has no effect on a newly allocated order.,B026; B028,MVP,"B §11, p. 18; §17, p. 31",Not started,Proposed baseline; dependencies and decisions apply
B030,build,Maintain per-account order commitments,"Update Qb,Vb,Qa,Va exactly on place, amend, fill, cancel, expiry and invalidation.",Aggregate sums equal enumeration of valid resting orders after each transition.,B010; B028; B029,MVP,"B §11, pp. 16–18",Not started,Proposed baseline; dependencies and decisions apply
B031,build,Implement fully backed order admission,Check both exact outcome deficits are zero for every new 1x order and include fee commitments.,The source overselling example rejects and all accepted partial-fill combinations remain fully backed.,B008; B010; B030,MVP,"B §4, p. 5; §11, pp. 16–17",Not started,Proposed baseline; dependencies and decisions apply
B032,build,Implement leveraged order margin admission,Evaluate adverse execution penalties and IM at both worst fill endpoints.,Orders are refused when either endpoint or adverse mark-relative fill violates current IM.,B004; B030; B047,Gated leverage,"B §11, p. 17",Not started,Proposed baseline; dependencies and decisions apply
B033,build,Implement taker size admission,"Compute the maximum taker size admissible at its limit with stage, margin, fee and coverage constraints.","Admitted size never exceeds a risk/coverage bound and respects tick, lot and minimum-size rules.",B031; B052; B062,MVP,"B §11, p. 17",Not started,Proposed baseline; dependencies and decisions apply
B034,build,Implement bounded matching loop,"Walk best FIFO levels to limit using internal library calls, at most maxFills, and cancel crossing remainder.",Both ledgers and order sums reconcile; taker final invariant breach reverts atomically; no crossing remainder rests.,B023; B024; B028; B030; B033,MVP,"B §11, p. 17; §16, p. 28",Not started,Proposed baseline; dependencies and decisions apply
B035,build,Implement self-trade prevention,Cancel an encountered resting order owned by the taker before any self match.,"Self trading creates no fill, fee transfer or artificial OI.",B034,MVP,"B §11, p. 18",Not started,Proposed baseline; dependencies and decisions apply
B036,build,Implement amendment priority rules,"Permit size reduction in place; treat price, size increase, expiry extension or widened permissions as a new order.",Only a pure quantity reduction retains FIFO priority and every other amendment is readmitted.,B031; B034,MVP,"B §11, p. 18",Not started,Proposed baseline; dependencies and decisions apply
B037,build,Implement atomic batch requote,Expose one bounded call for specified cancels and replacement placements.,A batch uses current admission rules and preserves all order/ledger invariants within measured gas bounds.,B029; B031; B034,MVP,"B §11, p. 18",Not started,Proposed baseline; dependencies and decisions apply
B038,build,Implement epoch cancellation,Invalidate account-wide and stage-wide resting orders using the decided epoch semantics.,Invalidated orders cannot fill or retain usable margin credit; stale cancels are harmless.,B004; B030; B062,MVP,"B §11, p. 18",Not started,Proposed baseline; dependencies and decisions apply
B039,build,Implement good-til-block expiry,Reject expired orders during matching and free their commitments/slots lazily or via bounded cleanup.,An order cannot fill beyond its expiry; zero expiry remains unbounded as specified.,B029; B030; B034,MVP,"B §11, p. 18",Not started,Proposed baseline; dependencies and decisions apply
B040,build,Implement reduce-only matching,Require reduce-only flags and trim executable quantities to avoid increasing or flipping positions.,Every fill in reduce-only weakly decreases each affected position size under the resolved source semantics.,B034; B062,MVP,"B §10, p. 14; §11, p. 18",Not started,Proposed baseline; dependencies and decisions apply
B041,build,Specify deferred book extensions,"Create separate designs for index-pegged orders, cancellation-aware deferred maker claims and per-block auctions.",Each extension states its funding/deficit accounting and is disabled in the MVP deployment.,B034; B038,Post-MVP,"B §11, pp. 18–19",Not started,Proposed baseline; dependencies and decisions apply
B042,build,Implement closeout horizon,Compute h0+abs(x)/v with measured units and queue-delay integration.,"Reference matches for 1,000 claims at launch placeholders give six minutes and larger size never shortens h.",B007; B008; B011,Gated leverage,"B §8, p. 9; §10, p. 16",Not started,Proposed baseline; dependencies and decisions apply
B043,build,Implement ordinary-move scale,"Select the maximum of even-flow variance scale, realized index estimate and template floor.",Low realized volatility cannot bypass either the model scale or configured floor.,B011; B042,Gated leverage,"B §6, p. 8; §8, p. 10",Not started,Proposed baseline; dependencies and decisions apply
B044,build,Implement directional hazard switch,Convert each daily hazard to horizon probability and select adverse long/short probability.,"Longs use NO hazard, shorts YES; probability at or above epsilon forces full backing.",B007; B011; B042,Gated leverage,"B §6–8, pp. 8–10",Not started,Proposed baseline; dependencies and decisions apply
B045,build,Implement tail-budget multiplier,Compute epsilon-prime and Cantelli k or validated upper-confidence empirical quantile.,Uncalibrated zero-jump epsilon1% produces about9.95; no invalid epsilon-prime reaches square root.,B007; B044,Gated leverage,"B §8, p. 10",Not started,Proposed baseline; dependencies and decisions apply
B046,build,Implement directional no-news drift,Compute the adverse drift term with a guarded joint-news denominator.,The long/short expressions match the reference and impossible probability rows reject.,B007; B011; B044,Gated leverage,"B §8, p. 10",Not started,Proposed baseline; dependencies and decisions apply
B047,build,Implement MM and IM functions,"Combine drift, scale, shock, fees, impact, gamma and directional template cap with full-backing ceiling.",MM/IM match rational reference within declared conservative rounding and never exceed worst-case backing.,B042; B043; B045; B046,Gated leverage,"B §8, pp. 10–11",Not started,Proposed baseline; dependencies and decisions apply
B048,build,Expose ledger-derived risk display,"Produce mark equity, underwater state, effective leverage/cap and offchain solved liquidation-price fields.","Display code never feeds entry price, realized PnL or leverage division back into contract safety.",B023; B047,Gated leverage,"B §4, p. 6; §8, p. 11",Not started,Proposed baseline; dependencies and decisions apply
B049,build,Implement incremental deficit bounds,Maintain two running bounds using touched-account worst deficits at one current funding index.,"Against enumeration, neither bound ever undercounts order-aware deficits after a cash or position transition.",B008; B012; B030,MVP,"B §9, p. 12",Not started,Proposed baseline; dependencies and decisions apply
B050,build,Implement conservative funding deficit increments,Increase both bounds by current-step OI times absolute deltaF and consume equal funding budget.,A funding step cannot reduce conservative coverage because one side receives funding.,B013; B049,Gated leverage,"B §9, p. 12; §12, p. 20",Not started,Proposed baseline; dependencies and decisions apply
B051,build,Implement exact-bound reconciliation,Build bounded keeper traversal that evaluates every account at one frozen funding index before tightening bounds.,Partial/inconsistent sweeps cannot lower bounds; completed sweep matches exact enumeration.,B025; B049; B050,Gated leverage,"B §9, p. 12",Not started,Proposed baseline; dependencies and decisions apply
B052,build,Implement universal coverage guard,"Apply both-outcome reserve checks to orders, fills, releases, reserve withdrawals and parameter changes.","Every accepted transition satisfies Ry>=Dbar(y)+B for y0,1, including reserve-owned position exposure.",B005; B012; B049,MVP,"B §9, pp. 11–12",Not started,Proposed baseline; dependencies and decisions apply
B053,build,Implement reserve LP deposits,Issue ERC-4626 reserve shares using the resolved cash/NAV/custody semantics.,Deposits cannot count the same capital as both available coverage and an immediately senior payable.,B005; B018; B052,Gated leverage,"B §9, p. 13; §16, p. 28",Not started,Proposed baseline; dependencies and decisions apply
B054,build,Implement notice-based LP withdrawals,Track seven-day notice configuration and release only surplus over both-outcome coverage.,Matured notices still cannot drain required coverage; premature requests do not withdraw.,B053; B052,Gated leverage,"B §9, p. 13",Not started,Proposed baseline; dependencies and decisions apply
B055,build,Implement capped shared backstop,Define and enforce per-market second-loss capacity with source20% placeholder.,One market cannot consume another market allocation or exceed its authorized backstop cap.,B005; B052,Gated leverage,"B §9, pp. 13–14; §16, p. 28",Not started,Proposed baseline; dependencies and decisions apply
B056,build,Implement reserve cash-flow reporting,"Record premiums, fees, injections, rounding, losses, costs and withdrawals with outcome coverage history.",Cash-flow reconciliation equals vault/engine balances and uncovered exposure is queryable over time.,B024; B049; B053; B054; B055,Gated leverage,"B §9, p. 13",Not started,Proposed baseline; dependencies and decisions apply
B057,build,Implement hazard premium indices,"Accrue H0,H1 at the prior configured loaded hazard over elapsed time and checkpoint rate changes.",A rate change never reprices elapsed intervals and full-backing periods have no deficit charge.,B003; B008; B014,Gated leverage,"B §9, pp. 12–13",Not started,Proposed baseline; dependencies and decisions apply
B058,build,Implement exact account premium settlement,Charge touched accounts using the resolved funding-aware deficit semantics and transfer amount into reserve.,"Integer charge conserves cash, preserves coverage and reconciles with rational reference.",B003; B014; B057; B052,Gated leverage,"B §9, pp. 12–13",Not started,Proposed baseline; dependencies and decisions apply
B059,build,Implement new-deficit surcharge cohorts,Track the source4x/first6h treatment for newly created exposure under the agreed anti-reset rules.,Closing/reopening or partial changes cannot accidentally erase an active surcharge interval.,B003; B058,Gated leverage,"B §9, p. 13",Not started,Proposed baseline; dependencies and decisions apply
B060,build,Implement per-account deficit cap,Reject new deficits exceeding the configured reserve-relative cap under the chosen denominator.,Both outcome deficits obey the2% placeholder rule and example exemptions are explicit.,B007; B049; B052,Gated leverage,"B §9, p. 13",Not started,Proposed baseline; dependencies and decisions apply
B061,build,Implement informed-flow risk alerts,Calculate sudden OI growth and one-sided leverage signals and expose bounded hazard/reduce-only actions to the monitor.,"Alerts may raise hazards or restrict exposure but cannot lower hazards, settle or move cash.",B044; B049; B062,Gated leverage,"B §9, p. 13; §16, p. 29",Not started,Proposed baseline; dependencies and decisions apply
B062,build,Implement derived market stage,Derive stage from immutable schedule plus permitted monitor/resolver state on every call.,Time advances apply restrictions with no keeper update; early resolver proposal halts immediately.,B001; B002; B018,MVP,"B §10, pp. 14–16; §17, p. 31",Not started,Proposed baseline; dependencies and decisions apply
B063,build,Implement risk epoch and grace tracking,Refresh epoch parameters and track30-minute below-IM grace while preserving immediate below-MM eligibility.,Accounts cannot reset grace indefinitely by touches and no MM breach waits for grace.,B047; B062,Gated leverage,"B §10, p. 15",Not started,Proposed baseline; dependencies and decisions apply
B064,build,Cancel unhealthy account orders first,Invalidate resting orders before liquidation state is evaluated and reduced.,No below-MM account leaves live maker commitments that can reopen exposure during liquidation.,B038; B063,Gated leverage,"B §11, p. 18",Not started,Proposed baseline; dependencies and decisions apply
B065,build,Implement pair-net reduction,"Match opposite required reductions at the mark, largest shortfall first, with bounded work.",Pair trades conserve position/cash and create no order-book impact or unpaired shrink.,B015; B063; B064,Gated leverage,"B §10, p. 15",Not started,Proposed baseline; dependencies and decisions apply
B066,build,Implement conservative liquidation size,"Compute the stable source delta-star expression, ceiling to lot and full-close fallback.",Invalid roots take fallback; returned reduction restores IM under conservative current-size rate or triggers recheck.,B007; B008; B015; B047,Gated leverage,"B §10, pp. 15–16",Not started,Proposed baseline; dependencies and decisions apply
B067,build,Implement bankruptcy-price limits,Calculate liquidation execution limits from ledger equity zero using signed integer bounds.,No book close executes worse than the account bankruptcy price after permitted fees.,B008; B023; B066,Gated leverage,"B §10, p. 15",Not started,Proposed baseline; dependencies and decisions apply
B068,build,Implement book liquidation execution,"Submit computed limited reduction, re-evaluate health and repeat only within bounded operation limits.",Partial depth leaves deterministic remaining shortfall and never pays negative equity in cash.,B034; B065; B066; B067,Gated leverage,"B §10, pp. 15–16",Not started,Proposed baseline; dependencies and decisions apply
B069,build,Implement whole-account reserve takeover,Transfer all remaining position and cash of eligible account into reserve and reset trader ledger safely.,"Both-outcome slack increase equals max(Ey,0); inherited positive equity accompanies the transfer.",B015; B052; B064; B068,Gated leverage,"B §10, p. 16",Not started,Proposed baseline; dependencies and decisions apply
B070,build,Implement reserve inventory unwind,"Allow reserve to submit only reducing, coverage-preserving orders for inherited exposure.",An unwind cannot increase absolute reserve inventory or breach either outcome coverage.,B040; B052; B069,Gated leverage,"B §10, p. 16",Not started,Proposed baseline; dependencies and decisions apply
B071,build,Implement liquidation reward and pacing,Charge .001/claim configurable fee half keeper/half reserve and enforce per-market per-block close cap.,Fee flows reconcile and a block cannot exceed maxLiqPerBlock; observed queue delay is measurable.,B024; B068; B069,Gated leverage,"B §10, p. 16",Not started,Proposed baseline; dependencies and decisions apply
B072,build,Implement final-day reconciliation,Execute the resolved bounded floor/compression process and freeze funding at T−12h independently of account sweep completion.,T−12h30m/T−12h/T−1h/T boundaries match decision record and residual deficits remain covered at halt.,B002; B062; B063; B069,Gated leverage,"B §10, pp. 14–16",Not started,Proposed baseline; dependencies and decisions apply
B073,build,Implement clipped funding rate,Compute basis funding with boundary term disabled until validated and cheap-side-scaled cap.,At I=.60 source cap is.02/claim/day; eta protects boundary denominator and rate obeys cap.,B007; B008; B013,Gated leverage,"B §12, p. 19",Not started,Proposed baseline; dependencies and decisions apply
B074,build,Implement old-rate funding settlement,"Accrue to current permitted time at old rate, settle old position, mutate, checkpoint, then compute next rate.",Same-block operations accrue zero elapsed funding and transfers reconcile with reserve dust.,B023; B024; B073,Gated leverage,"B §12, pp. 19–20",Not started,Proposed baseline; dependencies and decisions apply
B075,build,Implement epoch funding allowance,"Authorize cash budget from coverage slack, consume absolute step costs with changing OI, and stop at epoch/end/floor/staleness.","No absent keeper, sign reversal or OI increase can spend beyond authorized B.",B013; B050; B052; B062; B074,Gated leverage,"B §12, pp. 19–20",Not started,Proposed baseline; dependencies and decisions apply
B076,build,Implement authenticated price reading schema,Record source/signer/sequence and observation/publication times and enforce replay/order validation for Kuru/CRE paths.,"Duplicate, backwards or unauthorized readings do not advance trusted accumulators.",B018,MVP,"B §13, pp. 20–21",Not started,Proposed baseline; dependencies and decisions apply
B077,build,Implement depth-based TWAP accumulator,Compute buy/sell average execution at N and duration-weighted impact mid with stale-gap semantics.,Manipulation requires sustained depth push and missing observations never masquerade as continuously observed prices.,B007; B076,MVP,"B §13, p. 20",Not started,Proposed baseline; dependencies and decisions apply
B078,build,Implement independent-source aggregation,"Aggregate only independently sourced venue values, with explicit tighter single-source mode.",Multiple statistics from one book cannot create multiple votes and perp book never enters index.,B077,MVP,"B §13, p. 20",Not started,Proposed baseline; dependencies and decisions apply
B079,build,Implement movement and stale-price guards,"Block exposure, funding and liquidation as source specifies on staleness; route large real moves to monitor restriction.",30sec/.10-per5min placeholders are configurable and large moves are not silently smoothed away.,B061; B075; B078,MVP,"B §13, p. 21",Not started,Proposed baseline; dependencies and decisions apply
B080,build,Implement clamped median mark,"Maintain15-minute perp basis and60-second perp mid averages plus live impact mid, median them and apply time-shrinking clamp.",A one-tick sweep changes only live term; mark remains in declared probability/clamp domain.,B007; B077; B078,MVP,"B §13, p. 21",Not started,Proposed baseline; dependencies and decisions apply
B081,build,Implement liquidation-concentration monitoring,Bucket OI by distance to liquidation and evaluate the stressed manipulation-cost sizing bound.,Concentrations can lower new leverage; reports state coalition/cancellable-depth limitations.,B048; B080,Gated leverage,"B §13, pp. 21–22",Not started,Proposed baseline; dependencies and decisions apply
B082,build,Implement frozen settlement snapshot,Freeze economic time and account membership; materialize funding/premium and totals in bounded chunks before any payment.,"Registry mutation, repeated chunks or claim timing cannot alter snapshot economics or total liabilities.",B006; B025; B058; B074; B062,MVP,"B §14, p. 22",Not started,Proposed baseline; dependencies and decisions apply
B083,build,Implement once-only binary cash claims,"Pay max(c+xY,0) from finalized frozen state and invoke capped source waterfall only for explicit assumption failure.","Every claim order pays once, total payouts do not exceed assets and dust reaches reserve.",B016; B052; B055; B082,MVP,"B §9, p. 14; §14, p. 22",Not started,Proposed baseline; dependencies and decisions apply
B084,build,Implement listing-fixed INVALID settlement,Calculate/retrieve the designated24-hour pre-T index TWAP using resolved gap/early-window rules and settle at p.,"p stays in[0,1], endpoint reserve cover bounds all intermediate deficits and no operator substitutes a discretionary price.",B006; B077; B082; B083,MVP,"B §14, p. 23",Not started,Proposed baseline; dependencies and decisions apply
B085,build,Implement complete-set conversion,"Gate on full backing including reserve, mint exactly OI sets and distribute YES/NO plus ledger refunds.",Sets+refunds equal frozen cash and binary/INVALID redemption equals cash settlement account by account.,B005; B016; B082; B084,MVP,"B §14, pp. 22–23",Not started,Proposed baseline; dependencies and decisions apply
B086,build,Enforce monitor and resolver role separation,Wire oracle-facing interfaces so monitor can restrict/raise hazards while resolver can halt/finalize only approved payoff calls.,Role-abuse tests show neither actor can use the other actor powers or arbitrarily edit balances.,B001; B018; B062; B083; B084,MVP,"B §15, pp. 23–24; §16, p. 29",Not started,Proposed baseline; dependencies and decisions apply
B087,build,Integrate bonded resolution assertions,"Connect pinned evidence, source fallback/review route, watchdog challenge and final arbitration to settlement callbacks.",Every proposed outcome gets the2h challenge process and disputed proposals cannot settle before final arbitration.,B006; B082; B086; O055,MVP,"B §15, pp. 23–26",Not started,Proposed baseline; dependencies and decisions apply
B088,build,Validate oracle automation gate,Freeze model/prompt/category/confidence configuration and run parent-market-grouped holdout evaluation with upper error bounds.,Only validated cases may skip preproposal human review; OI threshold/bond use explicit coalition economics.,B087; O037,Gated leverage,"B §15, pp. 25–26; §18, p. 32",Not started,Proposed baseline; dependencies and decisions apply
B089,build,Create versioned parameter registry,"Record source, data window, estimator, holdout, confidence, stress alternative, bounds and changer for every parameter.",All B21 values are labeled placeholder until evidence version exists; governance updates are bounded/timelocked.,B001; B018,MVP,"B §18, p. 32; §21, pp. 35–38",Not started,Proposed baseline; dependencies and decisions apply
B090,build,Calibrate directional hazard and ordinary tails,Build template-grouped resolved-event analysis separating decisive jumps and ordinary moves.,Scheduled-print hazard tables and upper-confidence k estimates have held-out records before leverage enablement.,B089; B043; B044; B045,Gated leverage,"B §18, p. 32",Not started,Proposed baseline; dependencies and decisions apply
B091,build,Calibrate stressed depth and closeout,"Measure live/testnet depth, refill, keeper delay, compression queue and manipulation cost per listed market.","h0,v,lambda,N,W,OI and liquidation cap are set from stress evidence rather than displayed depth alone.",B042; B071; B077; B081; B089,Gated leverage,"B §13, pp. 21–22; §18, p. 32",Not started,Proposed baseline; dependencies and decisions apply
B092,build,Run funding-tracking calibration,Simulate perp/index basis behavior across probability boundaries and reserve allowance exhaustion.,Alpha/beta/kappa selections record tracking and cost limits; beta stays zero unless the experiment supports enabling it.,B075; B080; B089,Gated leverage,"B §12, pp. 19–20; §18, p. 32",Not started,Proposed baseline; dependencies and decisions apply
B093,build,Validate Monad integration and gas limits,"Measure deployed operations on target chain; pin chain ID, timestamp/order/finality assumptions and call-specific gas limits.","Kuru,CRE,USDC integrations work and maxFills/batch limits fit measured transaction/block budgets with upgrade recheck plan.",B034; B037; B076; B087; B089,MVP,"B §16, pp. 29–30; §18, pp. 31–32",Not started,Proposed baseline; dependencies and decisions apply
B094,build,Run contract/reference differential and rounding verification,Compare random transition sequences to exact reference and exhaustively enumerate small states and integer boundaries.,All resolved INV-1…16 hold; rounding always favors reserve without violating total cash conservation.,B017; B034; B052; B075; B083; B085,Gated leverage,"B §17–18, pp. 30–32",Not started,Proposed baseline; dependencies and decisions apply
B095,build,Run historical mechanical replay,"Replay source price/book paths to measure liquidation, compression volume and reserve utilization.",Reports quantify mechanics and explicitly distinguish fixed-path replay from trader-response simulation.,B011; B015; B075; B089,Gated leverage,"B §18, p. 32",Not started,Proposed baseline; dependencies and decisions apply
B096,build,Run adversarial economic simulation,"Simulate split-wallet coalitions, informed flow, mark/index attacks, compression herding and keeper/oracle outages.","Reports include reserve loss, unfair liquidation, queue and recovery outcomes with stressed assumptions.",B061; B071; B081; B087; B090; B091,Gated leverage,"B §18, p. 32; §20, p. 35",Not started,Proposed baseline; dependencies and decisions apply
B097,build,Reconcile worked lifecycle fixtures,"Encode source Alice/Bob/Mia and early-NO examples, plus corrected variants applying cap/surcharge rules explicitly.",Printed values remain preserved as provenance; executable fixtures disclose rounding and example-rule inconsistencies.,B003; B016; B058; B059; B060; B068,Gated leverage,"B §19, pp. 33–34",Not started,Proposed baseline; dependencies and decisions apply
B098,build,Close external contract audit findings,Obtain independent audit of the frozen economic transitions and merge validated fixes.,Every blocking finding has a documented fix/retest or blocks deployment promotion.,B094; B096,Gated leverage,"B §18, p. 32",Not started,Proposed baseline; dependencies and decisions apply
B099,build,Complete jurisdiction launch review,Document the source-required legal assessment for each jurisdiction intended to be served.,Production access and licensing/identity/geofencing decisions are signed off for the actual rollout scope.,B001,Gated leverage,"B §18, p. 33; §20, p. 35",Not started,Proposed baseline; dependencies and decisions apply
B100,build,Enforce launch and leverage promotion gates,"Deploy markets at1x and require evidence, audits, oracle validation and funded reserve before enabling a template.",Scheduled-print leverage cannot be enabled without its complete gate record; continuous/deadline remain independently gated and unscheduled remains1x.,B088; B090; B091; B092; B093; B094; B095; B096; B097; B098; B099; O082,Gated leverage,"B §1, p. 1; §7, p. 9; §18, pp. 31–33",Not started,Proposed baseline; dependencies and decisions apply
O001,oracle,Ratify oracle precedence and authority,"Record that Oracle Full Spec replaces Build §15, overrides earlier L1 conflicts, and alone grants halt/settle capability.","Signed architecture decision maps engine, monitor, oracle and governance powers and retains Paper 1 as economic scope.",I002,Decision,"O §1, pp. 1–2",Not started,Proposed baseline; dependencies and decisions apply
O002,oracle,Resolve callback trust boundary,"Choose direct OOv3 or adapter-authenticated callbacks; specify caller, recipient, domain, assertion lookup and relay trust.",One decision reconciles §7.4 with §9.1 and defines rejection/no-effect behavior for every unauthorized or stale callback.,O001,Decision,"O §§7.2–7.4, 9.1, pp. 13–14, 19",Not started,Proposed baseline; dependencies and decisions apply
O003,oracle,Resolve complete state-transition policy,"Specify halt-to-buffer state, failed-panel routes, NOT_YET reruns, early review clocks, Open transition, Voided→Final and exclusive second-YES behavior.","A complete transition table covers every enum state; every transition has caller, guard, timestamp, effect and terminal behavior.",O001; O002,Decision,"O §§2, 5.6, 6.4–6.7, 7.4–7.7, pp. 3–4, 9–15",Not started,Proposed baseline; dependencies and decisions apply
O004,oracle,Freeze evidence and signed-message schemas,"Define canonical snapshot bytes/size cap, evidence URI storage, L1 evidence publication, note storage, signature nonce/domain/expiry and rejected-outcome persistence.",Schemas support the exact source payload fields and close missing storage/replay details; test vectors can be reconstructed from public data.,O001; O003,Decision,"O §§4, 6.2–6.6, 7.3, pp. 6–7, 11–14",Not started,Proposed baseline; dependencies and decisions apply
O005,oracle,Implement immutable configuration types,"Implement MarketCore, FeedSpec, AIConfig, UMAConfig and exact source enums, including all fallback config on feed markets.",All listed source fields/types exist; no public or governance setter mutates a listed record.,O001,MVP,"O §4, pp. 6–7",Not started,Proposed baseline; dependencies and decisions apply
O006,oracle,Store long market text using SSTORE2,"Implement immutable rules, ordered allow-list and claim-template pointers with read helpers.",Round-trip returns exact full text and order; no truncation; pointers cannot be replaced after listing.,O005,MVP,"O §4, pp. 6–7",Not started,Proposed baseline; dependencies and decisions apply
O007,oracle,Implement listing role and text validation,"Restrict createMarket to lister, require canonical question/rules and complete source metadata, and emit listing audit hashes.",Unauthorized listing reverts; listing event exposes dry-run and ambiguity-log hashes; all layer configs are retrievable.,O005; O006,MVP,"O §§3.1–3.3, pp. 4–6",Not started,Proposed baseline; dependencies and decisions apply
O008,oracle,Validate FeedSpec at creation,"Enforce operator/type rules, conditional required fields, allow-listed host and decimals restrictions.",Every invalid §3.2 FeedSpec fixture is rejected; valid STRING/INT/DECIMAL fixtures list successfully.,O007,MVP,"O §3.2, p. 5",Not started,Proposed baseline; dependencies and decisions apply
O009,oracle,Validate model and UMA configuration,"Enforce three distinct model hashes, nonzero prompt/calibrator, confidence floor, USDC currency and minimum bond/share floors.",Independent invalid-field cases revert and valid configurations preserve all exact supplied values.,O007,MVP,"O §3.2, p. 5",Not started,Proposed baseline; dependencies and decisions apply
O010,oracle,Validate time and claim bounds,"Enforce buffer<timeout, bounded timings, liveness floor, calculated void minimum and venue claim-size limit for the chosen environment.",Boundary fixtures pass/fail deterministically; demo and production profiles cannot be confused.,O003; O007,MVP,"O §§3.2, 8.6, 12, pp. 5, 18, 23–24",Not started,Proposed baseline; dependencies and decisions apply
O011,oracle,Define global governance effects,Implement timelocked forwarder/workflow/attestor/committee/provider/category/bounds administration with documented effect on existing markets.,Governance cannot mutate market config or Resolution; tests prove the approved global-gate semantics.,O003; O005,Decision,"O §§5.5, 9.2, pp. 9, 20",Not started,Proposed baseline; dependencies and decisions apply
O012,oracle,Produce provider reference fixture,Choose one allow-listed provider and retain real finished/live event responses with observed finality field behavior.,"Fixtures identify same event type, URL, capture time, finalPath/finalValue and expected outputs; provider plan covers per-node requests.",O008,MVP,"O §3.3, p. 5",Not started,Proposed baseline; dependencies and decisions apply
O013,oracle,Complete market rules ambiguity pass,"Write rules for outage, cancellation, postponement, early resolution and INVALID, then run all three models against rules alone.",No unresolved ambiguity remains in signed-off listing pack; log hash matches listing input.,O012,MVP,"O §3.3, pp. 5–6",Not started,Proposed baseline; dependencies and decisions apply
O014,oracle,Implement strict JSON path evaluator,Write parser for dot keys and numeric indices without wildcard/filter syntax.,"Valid a.b[0].c resolves; missing final path is NOT_READY, missing value path ERROR; unsupported syntax is rejected.",O008,MVP,"O §5.2, p. 8",Not started,Proposed baseline; dependencies and decisions apply
O015,oracle,Implement integer and exact-decimal parsing,Parse permitted JSON numeric forms/strings using exact arithmetic; reject excess fractional digits and exponent notation; parse target identically.,3.10 equals 3.1 at precision 2; 3.105 fails; no floating-point rounding affects outputs.,O008,MVP,"O §§5.2, 10.2, pp. 8, 21–22",Not started,Proposed baseline; dependencies and decisions apply
O016,oracle,Implement allowed URL and fresh HTTP fetch,"Substitute only {id}; enforce host allow-list, secret reference and verified no-cache field; enforce response size/status/JSON checks.","Non-2xx, timeout, 429, 5xx, >250KB or malformed JSON returns ERROR and never an outcome write.",O012,MVP,"O §5.2, p. 8",Not started,Proposed baseline; dependencies and decisions apply
O017,oracle,Implement deterministic feed evaluator,"Combine exact finality comparison, value extraction/parsing and typed comparator into YES/NO/NOT_READY/ERROR.",Case/whitespace differences do not falsely pass finality; cancellation/postponement remains unready; all comparisons match fixtures.,O014; O015; O016,MVP,"O §§5.1–5.2, p. 8",Not started,Proposed baseline; dependencies and decisions apply
O018,oracle,Implement generic CRE workflow,Use TypeScript HTTPClient/EVMClient; read onchain FeedSpec and state; exit outside L1Pending; aggregate outcome identically.,One deployment handles multiple configs; no .withDefault() exists in outcome path; failed consensus/NOT_READY/ERROR only logs.,O017,MVP,"O §5.3, pp. 8–9",Not started,Proposed baseline; dependencies and decisions apply
O019,oracle,Implement domain-bound CRE report encoding,Encode exact chainSelector/oracle/marketId/outcome/observedAt ABI with log-block timestamp.,Encoded report is decodable to exact fields; node clock never supplies observedAt; cross-domain fixtures fail receiver validation.,O018,MVP,"O §5.4, p. 9",Not started,Proposed baseline; dependencies and decisions apply
O020,oracle,Implement authenticated CRE receiver,"Implement ReceiverTemplate/IReceiver/ERC165, nonzero forwarder, 64-byte metadata workflow identity and report/domain/state checks.",Valid report records ProposedL1 without settling; all wrong sender/identity/domain/outcome/state/replay cases fail; gas <10M.,O003; O019,MVP,"O §5.5, p. 9",Not started,Proposed baseline; dependencies and decisions apply
O021,oracle,Implement resolution requests and event retries,Expose permissionless requestResolution with halt/buffer/state guards and re-emission in L1Pending.,Pre-buffer/pre-halt calls fail; first eligible request follows approved state policy; later eligible calls re-emit exactly one event.,O003; O020,MVP,"O §5.6, pp. 9–10",Not started,Proposed baseline; dependencies and decisions apply
O022,oracle,Implement L1-to-L2 escalation,"Expose permissionless escalation at τ+l1TimeoutSecs, record Layer 2 start and initialize feedless markets at halt.",Boundary test enforces timeout; escalation blocks subsequent L1 reports; no-feed market reliably enters L2Pending.,O003; O021,MVP,"O §5.6, pp. 9–10",Not started,Proposed baseline; dependencies and decisions apply
O023,oracle,Run keeper request/escalation loop,Drive retries and timeouts from indexed events using separate retry schedules rather than waiting on prior own transactions.,Dropped events and 15-market shared-τ bursts are retried without starvation or duplicate money effects.,O021; O022,MVP,"O §§5.3, 5.6, 9.3, pp. 8–10, 20",Not started,Proposed baseline; dependencies and decisions apply
O024,oracle,Secure simulator and production lock,Require in-report team attestor signature in sim mode; implement irreversible lockProduction disabling sim and mock forwarder.,Unsigned/mismatched simulated reports fail; production lock cannot be reversed and rejects mock-only execution.,O011; O020,MVP,"O §5.7, p. 10",Not started,Proposed baseline; dependencies and decisions apply
O025,oracle,Verify CRE deployment dependencies,"Obtain deploy access and verify Monad selector, forwarder addresses, SDK versions, cache field and workflow-ID redeploy behavior.",Release register records authoritative values and evidence; no unresolved production value is replaced with a testnet assumption.,O018; O024,Gated leverage,"O §§5.7, 13.1, pp. 10, 24",Not started,Proposed baseline; dependencies and decisions apply
O026,oracle,Pass listing CRE simulation gates,Run simulate --limits against live endpoint and retained fixtures for finished/live/wrong-path and error/decimal cases.,Expected YES/NO/NOT_READY/ERROR match; every declared quota fits; listing stores the tested fixture hash.,O012; O017; O018; O020,MVP,"O §§3.3, 5.8, 10.2, pp. 5, 10–11, 21–22",Not started,Proposed baseline; dependencies and decisions apply
O027,oracle,Collect canonical evidence snapshots,Fetch primary then ordered allow-listed sources; retain URL/time/status/raw bytes under approved cap and label contextual outside sources.,Every snapshot follows ordering/schema; an outcome cannot rely only on outside-list evidence.,O004; O013; O022,MVP,"O §6.2, p. 11",Not started,Proposed baseline; dependencies and decisions apply
O028,oracle,Publish and pin evidence content,Store content-addressed public snapshot on selected IPFS/Arweave backend and publish URI/hash.,Independent retrieval yields exact committed bytes; pin availability is checked; all models receive identical snapshot bytes.,O027,MVP,"O §6.2, p. 11",Not started,Proposed baseline; dependencies and decisions apply
O029,oracle,Pin and isolate three-model panel,"Configure three different-provider model families, exact model hashes, one prompt hash and temperature zero; prevent cross-talk.",Run log proves each model received same snapshot/prompt without peer outputs; model versions match market config.,O004; O028,MVP,"O §6.3, p. 11",Not started,Proposed baseline; dependencies and decisions apply
O030,oracle,Validate structured panel responses,Parse allowed labels/confidence/citations/rationale; count missing citation as ABSTAIN; retry API failure three times then abstain.,Schema/label/range errors are safely routed; uncited and repeated-failure fixtures yield ABSTAIN and never auto-propose.,O029,MVP,"O §6.3, p. 11",Not started,Proposed baseline; dependencies and decisions apply
O031,oracle,Implement post-τ NOT_YET scheduling,Apply majority-NOT_YET backoff and rerun until Layer 2 deadline using fresh committed snapshots per run.,No NOT_YET result becomes an outcome; runs stop or transition at deadline according to approved lifecycle.,O003; O027; O030,MVP,"O §6.4, p. 12",Not started,Proposed baseline; dependencies and decisions apply
O032,oracle,Implement early checks and review routing,"Allow monitor request before τ while reduce-only, apply approved known-result test, and route known results to Review.",Insufficient early answers return to trading; no early auto-proposal occurs; monitor cannot halt directly.,O003; O030,MVP,"O §§6.1, 6.4, pp. 11–12",Not started,Proposed baseline; dependencies and decisions apply
O033,oracle,Create parent-market validation dataset,Deduplicate by parent market and separate calibration/threshold selection from frozen category test holdout.,"Dataset manifests show no parent overlap; N counts parents, not rows; model/prompt/config versions are fixed.",O029,Gated leverage,"O §§8.1–8.3, p. 16",Not started,Proposed baseline; dependencies and decisions apply
O034,oracle,Fit per-model isotonic calibrators,"Fit individual held-out maps, clip outputs to [0.01,0.99], version artifacts and hash them.",Raw confidence is never used for gate checks; deterministic calibration vectors reproduce committed hash/version.,O033,Gated leverage,"O §8.1, p. 16",Not started,Proposed baseline; dependencies and decisions apply
O035,oracle,Measure model error correlations,Estimate error correlation matrix on parent-market validation units and document family selection.,"Report includes all rho_ij, unit diagonal, effective voter count and handling of invalid/unstable estimates.",O033,Gated leverage,"O §§6.3, 8.2, pp. 11, 16",Not started,Proposed baseline; dependencies and decisions apply
O036,oracle,Compute reviewer candidate heuristic,Implement calibrated signed log-odds with effective-voter shrinkage and candidate probability.,Source example gives approximately 0.982; UI labels heuristic; no candidate score can bypass auto-gate tests.,O034; O035,MVP,"O §8.2, p. 16",Not started,Proposed baseline; dependencies and decisions apply
O037,oracle,Validate per-category auto gate,"Compute one-sided Clopper–Pearson upper error bound, N minimum and frozen threshold acceptance for each category.",Validation report includes k/N/U95 and closed status if insufficient; zero errors/300 gives approximately 0.99%; no holdout tuning.,O033; O034,Gated leverage,"O §8.3, p. 16",Not started,Proposed baseline; dependencies and decisions apply
O038,oracle,Define review-limit numeric policy,Implement OI limit from c_r/(Delta p-rT_r) with unit/rounding/nonpositive-denominator behavior and upper-bound Delta p.,"Documented tests reproduce roughly $1,668 at stated 3% inputs; $2,350 point-estimate example is not hardcoded.",O003; O037,Decision,"O §§6.5, 8.4, pp. 12, 17",Not started,Proposed baseline; dependencies and decisions apply
O039,oracle,Sign calibrated runner result,"Construct domain-bound attested payload containing marketId, labels, calibrated confidences and evidenceHash.",Signature verifies exact market/config/snapshot under approved replay policy; compromised or stale signatures cannot cross markets.,O004; O030; O034,MVP,"O §6.3, p. 11",Not started,Proposed baseline; dependencies and decisions apply
O040,oracle,Enforce onchain auto-proposal gate,"Verify runner attestation, unanimity YES/NO, per-model highConfBps, validated category and engine OI limit.","Any split, ABSTAIN, INVALID, low confidence, invalid category or high OI blocks auto-proposal; valid result selects L2_AUTO.",O011; O022; O037; O038; O039,MVP,"O §§6.5–6.6, p. 12",Not started,Proposed baseline; dependencies and decisions apply
O041,oracle,Implement non-auto result routing,"Expose approved transition for unanimous gate failures, splits, abstentions and INVALID to Review without letting runner select final outcomes.",Every nonauto terminal panel fixture reaches Review; successful proposal-only function is not misused for failing results.,O003; O030; O040,MVP,"O §§6.4–6.6, p. 12",Not started,Proposed baseline; dependencies and decisions apply
O042,oracle,Implement committee review authorization,"Verify m-of-k signatures over marketId/outcome/evidenceHash/noteHash, allow added-source re-snapshots and reject prior outcome on retry.",Too few/duplicate/unauthorized signatures fail; valid review preserves note/snapshot; early accepted proposal halts once.,O004; O011; O032; O041,MVP,"O §6.6, p. 12",Not started,Proposed baseline; dependencies and decisions apply
O043,oracle,Implement permissionless deadline opening,Add approved keeper/anyone transition from L2Pending or Review into Open after `l2StartedAt + l2DeadlineSecs`.,Runner/committee outage cannot prevent Open; premature transition fails; active proposal is not overwritten.,O003; O022; O041; O042,MVP,"O §6.7, p. 13",Not started,Proposed baseline; dependencies and decisions apply
O044,oracle,Implement independent watchdog checks,Watch all paths; rerun FeedSpec for L1 and use off-panel family/different prompt plus feed for L2/reviewed outcomes.,Contradiction fixtures trigger dispute or human page before liveness; logs prove independent family/prompt.,O017; O028; O040; O042,MVP,"O §6.8, p. 13",Not started,Proposed baseline; dependencies and decisions apply
O045,oracle,Measure watcher outage and conditional misses,"Measure u(T), misses on proposer-error cases and watcher dependence; fit path-specific dispute probability.",Report distinguishes overall accuracy from conditional misses and documents any invalid independence assumption.,O033; O044,Gated leverage,"O §§6.8, 8.4–8.5, pp. 13, 17–18",Not started,Proposed baseline; dependencies and decisions apply
O046,oracle,Calibrate liveness and reconcile theta,"Choose shortest allowed liveness satisfying p_err*(1-theta)<=delta, with review fallback where watcher misses dominate.",Every enabled production path has measured error/dispute probability satisfying target; theta matches bond configuration or justified conservative bound.,O037; O045,Gated leverage,"O §§8.4–8.5, 12, pp. 17–18, 24",Not started,Proposed baseline; dependencies and decisions apply
O047,oracle,Deploy sandbox OOv3 dependency set,"Deploy Finder, Store, AddressWhitelist, IdentifierWhitelist, MockOracleAncillary and OOv3 on Monad testnet.",Deployment manifest contains addresses/chain IDs; USDC whitelist and mock assertion/dispute/answer/settle flow work.,O002,MVP,"O §7.1, p. 13",Not started,Proposed baseline; dependencies and decisions apply
O048,oracle,Verify production assertion venue,"Resolve UMA-on-Monad support versus supported-chain assertion with relay, including claim/bond/DVM parameters and trust.","Signed production architecture has verified deployment support, authenticated relay design if needed, and no mock dependency.",O002; O047,Gated leverage,"O §§7.1, 13.1–13.2, pp. 13, 24–25",Not started,Proposed baseline; dependencies and decisions apply
O049,oracle,Implement assertion venue adapter,"Implement IAssertionVenue and UmaAdapter under ratified callback boundary, wrapping exact OOv3 arguments.","Adapter cannot fabricate result, mix markets or replay callbacks; ResolutionOracle remains venue-neutral.",O002; O047,MVP,"O §§7.1–7.4, 9, pp. 13–14, 18",Not started,Proposed baseline; dependencies and decisions apply
O050,oracle,Implement isolated BondTreasury,"Fund only from protocol fee share and dedicated contributions; track assertion funding/returns, reward budget and watchdog allocation.",No reserve transfer route exists; approved ORC-10 interpretation holds; only authorized purposes move treasury USDC.,O001; O003; O049,MVP,"O §§7.9, 8.5, 10, pp. 15, 17–18, 21",Not started,Proposed baseline; dependencies and decisions apply
O051,oracle,Implement halt-snapshot bond arithmetic,"Use whole-market OI_halt, USD contract units, ceiling share and max with verified UMA minimum.","Boundary/rounding tests preserve coverage; theta=.9/config1112 yields $1,112 per $10,000; account splitting cannot shrink bond.",O003; O050,MVP,"O §8.5, pp. 17–18",Not started,Proposed baseline; dependencies and decisions apply
O052,oracle,Render self-contained UMA claims,Render full rules/question/time/chain/oracle/market/outcome/evidence URI+hash and truth condition from immutable template.,"Claim reads independently, fits verified venue limit, and round-trips exact market identity and committed evidence.",O004; O006; O013; O049,MVP,"O §§3.3, 7.3, pp. 5–6, 14",Not started,Proposed baseline; dependencies and decisions apply
O053,oracle,Implement assertProposal,"Require Proposed/no-live-assertion/attempts<2, pull treasury bond, invoke venue with correct path liveness and record ID/attempt/event.",No direct settlement occurs; double assertion fails/no-effects; insufficient treasury reverts with operational alert; parameters match source.,O049; O050; O051; O052,MVP,"O §7.2, pp. 13–14",Not started,Proposed baseline; dependencies and decisions apply
O054,oracle,Implement authenticated dispute callback,Validate ratified sender and current assertion ID; move to Disputed and emit indexable event.,"Forged, stale and terminal callbacks change nothing; valid event is visible on dispute feed.",O002; O049; O053,MVP,"O §7.4, p. 14",Not started,Proposed baseline; dependencies and decisions apply
O055,oracle,Implement true-assertion settlement,"On valid true result enforce group policy, store outcome and enter Final with one engine settle(Y)/settleInvalid call.",Claims become payable for YES/NO/INVALID; exclusive groups never finalize two YES; replay never re-settles.,O003; O049; O053,MVP,"O §§7.4, 10, pp. 14, 20–21",Not started,Proposed baseline; dependencies and decisions apply
O056,oracle,Implement false-result retry bookkeeping,"Persist rejected outcome, clear/retire live assertion and allow one committee-selected different outcome; second rejection voids.",Rejected YES is not inferred as NO; repeated rejected outcome fails; assertions never exceed two.,O003; O042; O054; O055,MVP,"O §7.5, p. 14",Not started,Proposed baseline; dependencies and decisions apply
O057,oracle,Implement deadline and rejection voiding,Make voidMarket permissionless for halted overdue markets and enter approved Voided→Final path on second false.,Predeadline and prehalt calls cannot settle; deadline closes at listed INVALID price exactly once; late callbacks cannot reopen.,O003; O010; O055; O056,MVP,"O §§7.6–7.7, pp. 15, 18",Not started,Proposed baseline; dependencies and decisions apply
O058,oracle,Implement caller-funded Open proposals,"In Open pull caller bond, assert with caller as asserter and reviewed liveness, preserving global attempts/live-assertion rules.",Only own funded valid proposals are accepted; failed/replayed calls cannot spend treasury assertion bond.,O043; O049; O051; O052; O053,MVP,"O §7.8, p. 15",Not started,Proposed baseline; dependencies and decisions apply
O059,oracle,Implement permissionless proposer reward,Pay fixed R_p from treasury on correct permissionless assertion and ensure venue returns bond to asserter.,Exactly one reward per eligible successful proposal; no reward after rejected/voided result; demo R_p=0 respected.,O050; O055; O058,MVP,"O §§7.8–7.9, 12, pp. 15, 24",Not started,Proposed baseline; dependencies and decisions apply
O060,oracle,Implement assertion settlement keeper,Permissionlessly call settleAssertion after liveness or DVM answer and monitor roll/deletion stalls.,Undisputed and answered disputes progress without privileged intervention; stuck venue result remains bounded by void clock.,O053; O054; O055; O057,MVP,"O §§7.4, 7.6, pp. 14–15",Not started,Proposed baseline; dependencies and decisions apply
O061,oracle,Verify DVM deadline inputs,"Verify round duration, roll/deletion rules and OOv3 no-callback behavior, then recompute honest-path bound.",Production voidSecs exceeds verified formula; recorded assumptions match deployment; mock-hour deadline is labeled demo only.,O048; O057; O060,Gated leverage,"O §§7.6, 8.6, 13.1, pp. 15, 18, 24",Not started,Proposed baseline; dependencies and decisions apply
O062,oracle,Size treasury at listing cap,"Compute cap-sized required bond, current next-bond need and per-market/concurrent funding budget.",Listing fails release checklist when treasury lacks cap bond; market reserve never counts as available funding.,O007; O051; O053,MVP,"O §§3.3, 7.9, pp. 6, 15",Not started,Proposed baseline; dependencies and decisions apply
O063,oracle,Size and operate watchdog dispute float,Track sum of all live assertion bonds and provision watchdog float at least equal to that sum.,Concurrent assertions cannot silently underfund float; insufficient balance alerts; challenge spends approved float.,O044; O050; O051; O054,MVP,"O §8.5, p. 18",Not started,Proposed baseline; dependencies and decisions apply
O064,oracle,Index oracle events through Envio,"Index market config/state/evidence/assertion/deadlines and governance events, with restartable asynchronous workers.",Keeper/UI/watchdog recover from restart and do not rely on >100-block RPC reads; duplicate events have no extra effect.,O020; O042; O053; O054; O057,MVP,"O §9.3, p. 20",Not started,Proposed baseline; dependencies and decisions apply
O065,oracle,Measure contract gas profiles,Record Foundry gas snapshots and measured gas limits for creation/receiver/call types; verify Monad charging/storage assumptions.,Receiver remains below 10M; no transaction exceeds verified limit; deployment uses measured bounds rather than arbitrary excess.,O007; O020; O053; O057,MVP,"O §§4, 5.5, 9.3, 13.1, pp. 7, 9, 20, 25",Not started,Proposed baseline; dependencies and decisions apply
O066,oracle,Build Disputes live read view,"List Proposed/Disputed/Review/Open ordered by deadline with rules, path/outcome, public evidence, panel/candidate, bond and countdown.",Every required field is accurate from indexed/onchain state; proposed-without-assertion differs visibly from live assertion.,O036; O052; O064,MVP,"O §11.1, p. 22",Not started,Proposed baseline; dependencies and decisions apply
O067,oracle,Build dispute and Open proposal controls,Wire disputeAssertion with shown bond and Open proposal form; show signer/funding and resulting transaction state.,User can dispute live assertions and fund eligible Open proposal; unavailable states cannot submit misleading actions.,O054; O058; O063; O066,MVP,"O §11.1, p. 22",Not started,Proposed baseline; dependencies and decisions apply
O068,oracle,Publish testnet trust and lock disclosures,"Add clear mock-oracle committee disclosure, production trust assumptions and potential 30-day capital lock wherever relevant.",Demo visibly states team answers mock disputes; users can see worst-case lock and human-review trust before use.,O024; O047; O061; O066,MVP,"O §§7.1, 8.6, 11.1, 13.2, pp. 13, 18, 22, 25",Not started,Proposed baseline; dependencies and decisions apply
O069,oracle,Implement receiver and provider alerts,"Alert every report revert, two retry intervals stalled, abnormal finality and provider escalation spikes.","Injected bad report, slow provider and schema-change scenarios deliver actionable alerts with market/provider IDs.",O023; O064,MVP,"O §11.2, pp. 22–23",Not started,Proposed baseline; dependencies and decisions apply
O070,oracle,"Implement panel, dispute and treasury alerts","Alert failed panel runs, overdue reviews, disputes, DVM rolls, <72h-to-void, next-bond insufficiency and float deficit.","Each alert can be triggered in staging and links to evidence, deadline and relevant runbook.",O030; O042; O060; O062; O063; O064,MVP,"O §11.2, pp. 22–23",Not started,Proposed baseline; dependencies and decisions apply
O071,oracle,Write immutable-provider and redeploy runbooks,"Document provider outage→L2, schema fixes only for new listings, timelocked workflow ID rollout and prompt dispute procedure.",Operator drill uses runbook without changing listed config; redeploy identity and evidence audit trail stay consistent.,O011; O023; O044; O069; O070,MVP,"O §11.3, p. 23",Not started,Proposed baseline; dependencies and decisions apply
O072,oracle,Publish versioned demo/production parameter profiles,"Record every §12 field, owner, derivation, measurement status, and environment-specific value.",All table parameters appear once with source; production cannot silently inherit demo confidence/liveness/void settings.,O010; O038; O046; O061,MVP,"O §12, pp. 23–24",Not started,Proposed baseline; dependencies and decisions apply
O073,oracle,"Test creation, roles and global policy","Add meaningful Foundry cases for all invalid fields, permissions, immutable storage, timelocks and approved existing-market gate semantics.",ORC-1 and role restrictions hold for valid/invalid/boundary cases and fuzzed create inputs.,O007; O008; O009; O010; O011,MVP,"O §§3.2, 9.2, 10.1, pp. 5, 20–21",Not started,Proposed baseline; dependencies and decisions apply
O074,oracle,Test report authentication and replay,"Cover sender/workflow/owner/selector/oracle/outcome/state/settled failures, 64-byte metadata, ERC165, sim signature and production lock.",All explicit §10.1 receiver cases pass and ORC-4/ORC-8 are exercised after escalation and settlement.,O020; O024,MVP,"O §10.1, p. 21",Not started,Proposed baseline; dependencies and decisions apply
O075,oracle,Test panel routing and committee signatures,"Exercise low confidence, split, abstain, INVALID, unvalidated/high-OI/NOT_YET/early paths and m-of-k retry restrictions.",Only exact qualifying gate auto-proposes; other paths follow approved transition table with no early auto settlement.,O031; O032; O040; O041; O042; O043,MVP,"O §§6, 10.1, 10.3, pp. 11–13, 21–22",Not started,Proposed baseline; dependencies and decisions apply
O076,oracle,Test assertion lifecycle and bond flows,"Cover undisputed true, disputed true, first false review, second false void, Open proposal/reward, low treasury and stale callbacks.",Exact money flows and ORC-2/3/5/6/8/10 hold; no trader reserve pays a treasury loss.,O053; O054; O055; O056; O057; O058; O059; O063,MVP,"O §§7, 10.1, pp. 13–15, 21",Not started,Proposed baseline; dependencies and decisions apply
O077,oracle,Fuzz oracle/engine invariants together,"Build stateful harness composing oracle transitions, exclusive groups and engine settlement under hostile transaction order.",ORC-1 through ORC-10 and required engine invariants survive fuzzing; any source ambiguity is resolved in explicit expected behavior.,O073; O074; O075; O076,MVP,"O §10, pp. 20–21",Not started,Proposed baseline; dependencies and decisions apply
O078,oracle,Run deterministic L1 end-to-end demo,"Create market, halt, report, assert, wait liveness, settle and claim against Monad sandbox.",Auditable tx/evidence trace reaches correct Final and user claims with no privileged direct settlement.,O026; O047; O060; O064; O076,MVP,"O §10.4, p. 22",Not started,Proposed baseline; dependencies and decisions apply
O079,oracle,Run outage and disputed-review end-to-end demo,"Take provider down through timeout, run L2/review, assert, dispute and answer through mock DVM.",Market transitions visibly to correct Final; evidence and mock-dispute disclosure remain accessible.,O042; O044; O047; O060; O067; O076,MVP,"O §10.4, p. 22",Not started,Proposed baseline; dependencies and decisions apply
O080,oracle,Run unavailability and void end-to-end demo,Exercise no-proposal deadline→caller-funded Open resolution and separate stuck/deleted-vote→Voided scenario.,Both cases end permissionlessly; listed INVALID rule is used for void; late venue callback has no financial effect.,O043; O057; O058; O060; O076,MVP,"O §§7.6–7.8, 10.4, pp. 15, 22",Not started,Proposed baseline; dependencies and decisions apply
O081,oracle,Run fifteen-market shared-time load case,Schedule fifteen markets at one τ and exercise real retry/queue behavior across resolution and assertion workers.,"All eligible markets progress despite 10/6s trigger limit; no event starvation, shared nonce deadlock or bond underfunding is hidden.",O023; O063; O064; O078,MVP,"O §§5.3, 5.8, 10.4, pp. 8, 10, 22",Not started,Proposed baseline; dependencies and decisions apply
O082,oracle,Approve production oracle evidence gate,"Collect verified venue/CRE/gas facts, measured calibration/watchers, fund budgets, invariant/e2e evidence and open-risk signoff.",Production checklist contains no asserted external fact without evidence and no enabled auto path without its statistical gate.,O025; O037; O045; O046; O048; O061; O062; O065; O072; O077; O078; O079; O080; O081,Gated leverage,"O §§8, 10, 13, pp. 15–18, 20–25",Not started,Proposed baseline; dependencies and decisions apply
O083,oracle,Implement production relay if chosen,"If venue decision selects cross-chain route, implement authenticated assert/result transport and liveness monitoring for the chosen relay.",Relay origin/domain/replay/outage tests pass; trust/latency enters deadline calculation and disclosure; not needed for direct venue branch.,O048; O049; O061,Post-MVP,"O §§7.1, 13.2, pp. 13, 25",Not started,Proposed baseline; dependencies and decisions apply
O084,oracle,Expand validated categories conservatively,Add category datasets and structurally different panel/watchdog families only through versioned validation and new listing configs.,Each additional category passes its own independent N/U95 gate; old listed market fields never change.,O033; O034; O035; O037; O082,Post-MVP,"O §§6.3, 8.3, 13.2, pp. 11, 16, 25",Not started,Proposed baseline; dependencies and decisions apply
O085,oracle,Maintain oracle risk and dependency register,"Track correlated error, committee trust, source error, venue/relay support and worst-case capital lock with owners and evidence dates.","Release notes separate measured facts, placeholders, unresolved questions and disclosed risks; reference sources remain traceable.",O001; O003; O004; O011; O038; O048; O068; O082,Post-MVP,"O §§13–14, pp. 24–25",Not started,Proposed baseline; dependencies and decisions apply
D001,design,Select settlement backing architecture,Record one explicit choice between source D individual full backing from the last six hours and source B pooled reserve backing; identify retained formulas.,"Approved decision lists the active solvency invariant, final-tier policy and all superseded conflicting clauses.",I002,Decision,"D §§1.1,3.4,4.3, pp.3,7–9",Not started,Source-design task; use only if compatible or explicitly selected
D002,design,Freeze the market product schema,"Define YES, NO and INVALID payout values, scheduled resolution timestamp, native versus optional mirrored market flag and isolated USDC account key.","Schema encodes Y=0,0.5,1 and one question per market; native support is required and mirrored support explicitly optional.",D001,MVP,"D §§1.1,2.1, pp.3–4",Not started,Source-design task; use only if compatible or explicitly selected
D003,design,Decide integer unit and identity conventions,"Choose whole-unit sizes, tick-to-USDC scaling, uint32 trader identifiers and compatible public order identifiers across source documents.","Decision gives exact encodings, maximum ranges and handling for closed/empty accounts; no conflicting API field remains.",D001,Decision,"D §§3.2,9.5,12.2, pp.6,15–16,24",Not started,Source-design task; use only if compatible or explicitly selected
D004,design,Resolve recycled-ID generation exhaustion,"Specify behavior before the 8-bit generation counter repeats: retire slot, widen identity or use an agreed equivalent compatible scheme.",A stale public order ID cannot cancel a different order after 256 reuses; accepted schema is documented.,D003,Decision,"D §§9.5,12.2, pp.15–16,24; compiler-identified gap",Not started,Source-design task; use only if compatible or explicitly selected
D005,design,Capture the martingale and variance derivation,"Preserve the conditional expectation, telescoping increment proof and two-coin example as an explanatory research note.",Note obtains p(1-p) and example 0.1875 and distinguishes model assumptions from empirical market efficiency.,I001,MVP,"D §§2.2–2.3, pp.4–5",Not started,Source-design task; use only if compatible or explicitly selected
D006,design,Reproduce diffusion and jump-threshold examples,"Create a reproducible calculation for volatility scaling, threshold probabilities and the q=0.60 mixture table.",Values reproduce the source tables within displayed rounding; Gaussian-tail approximation is bounded or explicitly restricted.,D005,Gated leverage,"D §§2.4–2.5, pp.5–6",Not started,Source-design task; use only if compatible or explicitly selected
D007,design,Approve the time-tier schedule,"Decide whether and how D four tiers, 30-minute look-ahead and six-hour 1x requirement apply to the selected backing model.",Written parameter table supplies exact boundary comparisons and excludes unscheduled-resolution categories unless a replacement risk model is approved.,D001; D002,Decision,"D §§4.2–4.5,12, pp.8–9,24–25",Not started,Source-design task; use only if compatible or explicitly selected
D008,design,Choose the slow-index model and delay calibration,Choose slow average with recalibrated h≈20 minutes or fixed delayed copy; record rationale and unresolved empirical values.,One active formula and calibration method replace incompatible 10-minute and 20-minute assumptions.,D001,Decision,"D §§4.1,5.2,12.2, pp.8,10,24",Not started,Source-design task; use only if compatible or explicitly selected
D009,design,Define the complete invariant register,Record source INV-1/2/3/4/5/6/8/10 with their applicability and selected-architecture replacements.,"Each invariant has state domain, arithmetic tolerance, enforcement point and a verification owner; excluded invariants are marked conditional.",D001; D003; D007; D008,MVP,"D §§3–9, pp.6–18",Not started,Source-design task; use only if compatible or explicitly selected
D010,design,Implement exact account storage,"Store signed position, signed entry notional, collateral, funding snapshot and resting-side quantities with explicit units.",Account encoding matches D003; flat position has unambiguous N and funding behavior.,D003,MVP,"D §§3.1–3.2,7.3, pp.6,12",Not started,Source-design task; use only if compatible or explicitly selected
D011,design,Implement increase-fill accounting,Apply same-direction signed fill updates using exact notional rather than a rounded average entry.,Source weighted-entry examples conserve C−N and avoid accumulated entry-price division errors.,D010,MVP,"D §3.2 Eq-2, p.6",Not started,Source-design task; use only if compatible or explicitly selected
D012,design,Implement reduction accounting,Realize the closed slice P&L while retaining the remaining entry basis.,Partial reduction and exact close produce the specified C and n values with declared rounding rules.,D010,MVP,"D §3.2 Eq-2, p.6",Not started,Source-design task; use only if compatible or explicitly selected
D013,design,Implement position-flip accounting,Close the entire old side and open the excess at the fill price.,Cross-zero fill is equivalent to explicit close plus new open under the chosen rounding policy.,D011; D012,MVP,"D §3.2 Eq-2, p.6",Not started,Source-design task; use only if compatible or explicitly selected
D014,design,Verify market conservation,"Apply matched randomized fills to trader and IF accounts and compare virtual cash, net inventory and common-price equity.",Sum n=0 and sum(C−N)=Bm remain true within declared dust handling across increase/reduce/flip/deposit/withdraw paths.,D011; D012; D013; D009,MVP,"D §3.3 Eq-3 INV-2, p.7",Not started,Source-design task; use only if compatible or explicitly selected
D015,design,Implement worst-loss leverage views,"Calculate w, W, E and W/E with explicit nonpositive-equity handling and long/short symmetry.",Short 1000 at 0.90 with equity 100 displays 1x; mirrored YES/NO positions match.,D010,MVP,"D §3.1 Eq-1, p.6",Not started,Source-design task; use only if compatible or explicitly selected
D016,design,Implement the selected full-backing predicate,For the source-D branch implement C≥xw(p0) without reading prices; integrate only if D001 selects this requirement.,Both terminal outcomes are nonnegative iff the predicate holds; 1000 at 0.60 with C=120 fails and yields −480 on NO.,D001; D010; D015,Gated leverage,"D §3.4 Eq-4 INV-1, p.7",Not started,Source-design task; use only if compatible or explicitly selected
D017,design,Implement path and execution buffers,Implement e(x)=k sigma sqrt(h)+sb+x/(2rho) with configured units and bounded arithmetic.,Source default components total 0.036; increased size weakly increases execution margin.,D003; D008,Gated leverage,"D §4.2 Eq-5, p.8",Not started,Source-design task; use only if compatible or explicitly selected
D018,design,Implement the jump-tier selector,Implement selected J(T) thresholds and the look-ahead selector J(T−Tg).,"Boundary tests at 7 days, 48 hours, 6 hours and 30-minute look-ahead produce the selected exact tier.",D007,Gated leverage,"D §§4.2–4.3 Eq-6–9, pp.8–9",Not started,Source-design task; use only if compatible or explicitly selected
D019,design,Implement maintenance-margin calculation,"Implement source-D MM=min(W,x[J+e]) if retained by D001.","Long/short symmetry, edge prices and final-tier equality MM=W satisfy the active invariant register.",D001; D017; D018,Gated leverage,"D §4.3 Eq-7, pp.8–9",Not started,Source-design task; use only if compatible or explicitly selected
D020,design,Implement initial margin and leverage cap,Implement nested min/max IM and native/mirrored leverage caps with the approved backing mode.,Reproduces source example table or documents approved replacement; look-ahead opens satisfy coming-tier requirements.,D001; D017; D018; D019,Gated leverage,"D §4.3 Eq-8–9, pp.8–9",Not started,Source-design task; use only if compatible or explicitly selected
D021,design,Verify margin headroom and update calibration tables,Check pre-final IM−MM≥uxw and recompute diffusion requirements under selected h.,All tested states satisfy selected headroom invariant; source h=10 table and recalibrated table are explicitly distinguished.,D006; D008; D019; D020,Gated leverage,"D §§4.3–4.4 INV-5, pp.8–9",Not started,Source-design task; use only if compatible or explicitly selected
D022,design,Implement bounded index updates,"Apply capped elapsed time, speed-limited fast index, slow index update and raw-sample storage.",Fast movement obeys INV-6; repeated same-time pushes do not bypass limits; raw sample remains available for withdrawal.,D008; D009,MVP,"D §5.1 Eq-13, p.10",Not started,Source-design task; use only if compatible or explicitly selected
D023,design,Implement staleness and divergence gates,"Block new exposure and funding on stale index, and move market to ReduceOnly on fast/slow divergence.",Threshold boundary behavior is explicit; top-ups and permitted reductions remain usable under gate conditions.,D022,MVP,"D §5.1, p.10",Not started,Source-design task; use only if compatible or explicitly selected
D024,design,Implement the banded mark,Compute depth-qualified BBO median with index and clamp it to b(I).,"Dust quotes become missing sides; I=.55,bid=.61,ask=.63 yields q=.60; |q−I|≤b holds.",D022,MVP,"D §5.3 Eq-14 INV-10, p.10",Not started,Source-design task; use only if compatible or explicitly selected
D025,design,Measure spot depth for the OI cap,Derive ten-minute minimum one-side depth within ±0.05 of midpoint and apply kOI scaling.,OI cap responds conservatively to disappearing depth and never uses an unsupported live-depth estimate.,D022,Gated leverage,"D §5.4 Eq-17, p.11",Not started,Source-design task; use only if compatible or explicitly selected
D026,design,Implement absolute-premium funding rate,"Implement edge ramp g(d), sign-specific headroom caps and absolute cap using separate named edge-floor and VaR parameters.",Funding sign follows q−I; bounded rate remains finite at edge prices and respects payer-side caps.,D020; D024,Gated leverage,"D §6 Eq-15, p.11",Not started,Source-design task; use only if compatible or explicitly selected
D027,design,Implement market funding accrual,Maintain one cumulative F with explicit time units and freeze-clipped timestamps; only pushIndex resets the rate.,Repeated touches do not double accrue; placing an order between index pushes cannot rewrite f.,D022; D026,Gated leverage,"D §6 Eq-16, p.11",Not started,Source-design task; use only if compatible or explicitly selected
D028,design,Implement account funding settlement,Settle C by −n(F−Fi) before account mutations and advance Fi to F.,Matched long/short funding sums to zero and repeated settlement without new accrual is a no-op.,D010; D027,Gated leverage,"D §6 INV-3, p.11",Not started,Source-design task; use only if compatible or explicitly selected
D029,design,Implement stale/halt/final-tier funding freeze,Apply selected freeze policy and permissionless final funding sweep with distinct frozen/open account counts.,No accrual occurs beyond the selected freeze time or during stale intervals; all open accounts can be swept.,D001; D007; D023; D027; D028,Gated leverage,"D §§6,8,11.4, pp.11,13,23",Not started,Source-design task; use only if compatible or explicitly selected
D030,design,Implement dual-index liquidation eligibility,"Require both index health values negative, excluding mark from trigger.",A failure at only one index or equality to zero cannot liquidate; mark-only manipulation cannot trigger.,D019; D022,Gated leverage,"D §7.1 Eq-10, p.12",Not started,Source-design task; use only if compatible or explicitly selected
D031,design,Implement tier-step penalty exemption,Compare current equity with prior-tier MM to determine effective zero penalty.,A tier-only breach incurs no penalty; a preexisting breach retains the configured penalty.,D018; D019; D030,Gated leverage,"D §7.1 Eq-11, p.12",Not started,Source-design task; use only if compatible or explicitly selected
D032,design,Implement minimal IF transfer size,"Compute ceiling transfer quantity and full-transfer fallback, conserving equity before penalties at index.",Source vectors yield 332 and 200 units with second penalty 0.2; denominator edge cases safely choose full transfer.,D020; D030; D031,Gated leverage,"D §7.1 Eq-12, p.12",Not started,Source-design task; use only if compatible or explicitly selected
D033,design,Implement liquidation waterfall accounting,"Split penalty half/half, cover residual negative equity from available IF, and record uncovered deficit.",No IF double spend occurs; market accounting remains conserved through partial/full transfer and insufficient IF.,D014; D032,Gated leverage,"D §7.2, p.12",Not started,Source-design task; use only if compatible or explicitly selected
D034,design,Maintain resting-side margin reservations,"Update Rbuy/Rsell on rest, partial fill, full fill, cancellation and reduce-only clipping.",Reservation quantities equal live book quantities for every account after arbitrary operations.,D010,MVP,"D §§7.3,9.8, pp.12,17",Not started,Source-design task; use only if compatible or explicitly selected
D035,design,Define hypothetical resting-fill IM semantics,"Specify how n+Rbuy and n−Rsell reserve checks incorporate entry prices, fill notionals and simultaneous order risks.",IM+ has an exact executable definition compatible with account accounting and all selected fill-price cases.,D020; D034,Decision,"D §7.3, p.12; compiler clarification",Not started,Source-design task; use only if compatible or explicitly selected
D036,design,Implement conservative withdrawal checks,Limit withdrawal to C and minimum surplus at mark/index/raw sample using IM+; block fast/slow and raw/fast divergence.,No unrealized profit is extracted; arbitrary bad raw samples can tighten but cannot relax the authorized amount.,D023; D024; D034; D035,Gated leverage,"D §7.3, p.12",Not started,Source-design task; use only if compatible or explicitly selected
D037,design,Reproduce the jump-and-withdraw regression,Simulate a 0.20 genuine move with median/fast/slow lag and attempt withdrawals along the ramp.,Source-required unsafe withdrawals are refused throughout divergence; healthy deposits remain possible.,D008; D022; D036,Gated leverage,"D §§5.2,7.3,12.1 change 13, pp.10,12,24",Not started,Source-design task; use only if compatible or explicitly selected
D038,design,Implement incremental outcome shortfall totals,"In one account-write routine subtract old and add new negative terminal-equity contributions at Y=0,0.5,1.","Aggregates match a full recomputation after randomized account mutations, including negative collateral and flat accounts.",D010; D028; D033,Gated leverage,"D §8 Eq-18, p.13",Not started,Source-design task; use only if compatible or explicitly selected
D039,design,Implement stress-gated added exposure,Map side s unambiguously to the relevant shortfall aggregate and block added exposure above gamma IF.,The gate uses post-fill in-transaction aggregates and never blocks allowed reductions solely as added exposure.,D025; D038,Gated leverage,"D §8, p.13",Not started,Source-design task; use only if compatible or explicitly selected
D040,design,Implement immutable settlement ratio,"After funding count completion, compute draw=min(SY,IF) and common r for the resolved outcome.",Finalization fails before complete sweep; zero-denominator policy and IF debit are explicit; ratio cannot change across claim order.,D029; D038,Gated leverage,"D §8 Eq-19, p.13",Not started,Source-design task; use only if compatible or explicitly selected
D041,design,Implement pull claims and INVALID payout,"Calculate one-time positive-equity claims using fixed ratio, including Y=0.5.",Source 10000/1500/1000 example totals 11000 in exact arithmetic; integer dust is bounded/accounted and claims cannot repeat.,D040,Gated leverage,"D §8 Eq-19–20 INV-4, p.13",Not started,Source-design task; use only if compatible or explicitly selected
D042,design,Decide IF hedge inclusion,Accept or defer the native complete-set NO hedge and state how IF inventory/spot execution enters accounting.,Decision explicitly treats it as optional and describes its budget and remaining execution risk.,D001; D033,Decision,"D §§7.2,12.2, pp.12,25",Not started,Source-design task; use only if compatible or explicitly selected
D043,design,Build page-aware book storage,"Implement Level, Order, Book layout with dense orders, adjacent side levels, null slot and uint32 trader IDs.",Compiler storage-layout output verifies intended packing and page neighborhoods; no address lookups are needed per fill.,D003; D004,MVP,"D §§9.4–9.5, pp.15–16",Not started,Source-design task; use only if compatible or explicitly selected
D044,design,Implement sentinel-safe bitmap helpers,Map 999 ticks into four 250-bit words per side; retain bit255 sentinels and mask all non-price bits.,"Set/clear/find operations handle ticks 1,250,251,999 and empty books without returning sentinels.",D043,MVP,"D §§9.2,9.5, pp.14–16",Not started,Source-design task; use only if compatible or explicitly selected
D045,design,Implement FIFO append,Append new orders at tail and update level size and active bitmap while keeping used true.,Time priority and reciprocal links hold for first and subsequent orders; level refill remains nonzero.,D043; D044; D034,MVP,"D §§9.3,9.5, pp.14–16",Not started,Source-design task; use only if compatible or explicitly selected
D046,design,Implement constant-time unlink and cancel,"Remove head, tail or middle order, update links/level totals/bitmap and release reservations.",Single-node and middle cancels preserve queue invariants; only owner-authorized live order identity can be cancelled.,D045,MVP,"D §§9.3,9.5, pp.14–16",Not started,Source-design task; use only if compatible or explicitly selected
D047,design,Implement free-list recycling,"Keep nonzero tombstones, push freed slots via next, pop on allocation and apply the approved generation policy.",Repeated place/cancel cycles reuse slots and cannot let stale identities affect replacements.,D004; D046,MVP,"D §9.5, pp.15–16",Not started,Source-design task; use only if compatible or explicitly selected
D048,design,Expose constant-cost best prices,Scan at most four bitmap words per side for best bid and ask with the depth-qualified level view.,Results match a full tick scan and empty-side sentinels are interpreted consistently by mark calculation.,D044; D045; D046,MVP,"D §§9.1–9.3, pp.14–15",Not started,Source-design task; use only if compatible or explicitly selected
D049,design,Build isolated Book hook harness,"Provide trivial Clearing overrides for maker fill, taker fill/done and rest/unrest to test Book independently.",Book tests run without production risk engine and demonstrate that Book never directly mutates account internals.,D043,MVP,"D §9.8, p.17",Not started,Source-design task; use only if compatible or explicitly selected
D050,design,Implement bounded price-time matching,Implement bid and ask loops with one examined-order step per maxFills budget and correct partial head fills.,"Fills always use best price then FIFO, and all execution paths stop at budget or limit without unbounded scans.",D045; D046; D048; D049,MVP,"D §9.6, p.16",Not started,Source-design task; use only if compatible or explicitly selected
D051,design,Implement failed-maker and self-trade removal,Cancel resting orders on self-trade or failed maker risk check while charging each to the step budget.,A queue of invalid/self orders cannot bypass maxFills or cause unbounded taker gas.,D050,MVP,"D §§9.6–9.7, pp.16–17",Not started,Source-design task; use only if compatible or explicitly selected
D052,design,Implement reduce-only clipping,Clip each resting/taking reduce-only fill to actual reducible position and cancel excess when exhausted.,Orders never increase or flip positions; partial reduce-only remainder is cancelled at zero reducible inventory.,D050; D012,MVP,"D §§9.6–9.7, pp.16–17",Not started,Source-design task; use only if compatible or explicitly selected
D053,design,Implement LIMIT IOC and POST_ONLY semantics,Add order types and reject/skip taking for post-only according to standalone versus batch contract.,IOC never rests; LIMIT rests only eligible remainder; POST_ONLY produces no immediate fill.,D050,MVP,"D §9.7, p.17",Not started,Source-design task; use only if compatible or explicitly selected
D054,design,Prevent crossed remainders,"After budget exhaustion, drop any LIMIT remainder that would still cross the book.",Adversarial maxFills=1 case cannot leave best bid≥best ask.,D053,MVP,"D §9.7 rule 1, p.17",Not started,Source-design task; use only if compatible or explicitly selected
D055,design,Implement resilient batch requotes,"Process cancels first, make already-dead cancels idempotent and skip crossing post-only with returned ID 0.",A maker fill between quote read and batch execution does not revert the whole replacement batch.,D046; D053; D054,MVP,"D §§9.7,9.11, pp.17–18",Not started,Source-design task; use only if compatible or explicitly selected
D056,design,Integrate Clearing into Book hooks,Swap harness for real maker/taker checks and reservation updates; hold price/stage inputs fixed while updating mutable aggregates.,One transaction with multiple makers reflects all earlier fills in final OI/stress checks and reverts atomically on taker failure.,D011; D012; D013; D020; D028; D034; D039; D049; D050,Gated leverage,"D §§9.6,9.8, pp.16–17",Not started,Source-design task; use only if compatible or explicitly selected
D057,design,Enforce final single taker write,Maintain taker in memory across fills and commit account/totals once at end; write each maker per fill.,Trace confirms intended write pattern without losing intermediate funding or aggregate updates.,D056,MVP,"D §9.6, p.16",Not started,Source-design task; use only if compatible or explicitly selected
D058,design,Differential-test the book,Feed identical randomized operations to on-chain Book and a naïve price-time reference.,"Fill sequence, remaining quantities, cancellations and best prices match across random traces.",D047; D051; D052; D054; D055,MVP,"D §9.11 item 5, p.18",Not started,Source-design task; use only if compatible or explicitly selected
D059,design,Verify INV-8 linked structures,"Run stateful invariants for bitmap/nonempty equivalence, level sums, reciprocal links, unique live membership and uncrossed best prices.",Invariant suite survives random place/cancel/fill/recycle operations including generation boundary handling.,D047; D054; D058,MVP,"D §9.11 INV-8, p.18",Not started,Source-design task; use only if compatible or explicitly selected
D060,design,Confirm Foundry Monad gas pricing,Verify installed Monad mode implements the MIP-8 page/growth schedule before interpreting gas snapshots.,Evidence distinguishes actual testnet measurements from unsupported Ethereum-priced local estimates.,,MVP,"D §§9.4,9.11,12.1 change 12, pp.15,18,24",Not started,Source-design task; use only if compatible or explicitly selected
D061,design,Benchmark page-aware operations,"Measure place, batch cancel/replace, first fill and extra same/new-maker fills with warm/recycled and fresh storage.","Report compares observations with 75–95k,80–95k,90–100k,+3–4k,+14k source estimates and states variance.",D047; D055; D057; D060,MVP,"D §9.9, p.17",Not started,Source-design task; use only if compatible or explicitly selected
D062,design,Lock explicit book exclusions,"Record that no lazy fills, arbitrary-price tree, per-market contract, on-chain depth dump or cached best-price layer is part of MVP.",Architecture review explains how each excluded feature is served by existing bounded structures/events.,D043; D048,MVP,"D §9.10, p.18",Not started,Source-design task; use only if compatible or explicitly selected
D063,design,Configure contract build and dependency stack,"Pin compatible Solidity, Foundry and Solady dependencies and compose one core contract with internal modules.","Build uses declared versions, known rounding policy and no external calls in match loop.",D003; D060,MVP,"D §§9.5,11.2, pp.15,21–22",Not started,Source-design task; use only if compatible or explicitly selected
D064,design,Implement native complete-set vault,"Implement YES/NO mint/redeem, token clones and INVALID 0.5/0.5 redemption.",Every complete set is backed by 1 USDC and both outcome/redemption paths conserve collateral.,D002; D063,MVP,"D §§2.1,11.2, pp.4,22",Not started,Source-design task; use only if compatible or explicitly selected
D065,design,Implement testnet collateral faucet,Deploy six-decimal MockUSDC with rate limiting and a clearly testnet-only identity.,Faucet limits are enforced and all contract/UI amounts convert correctly between token decimals and internal units.,D003; D063,MVP,"D §§11.2,13, pp.22,25",Not started,Source-design task; use only if compatible or explicitly selected
D066,design,Build the shared TypeScript service workspace,"Create pnpm workspaces, viem clients and generated shared ABI package from Foundry artifacts.",Service/UI ABI consumers typecheck against deployed contract interface without manually diverging schemas.,D063,MVP,"D §11.4, p.22",Not started,Source-design task; use only if compatible or explicitly selected
D067,design,Implement Kuru index keeper sampling,"Read bestBidAsk each block, maintain 60-second median and push every 30 seconds with primary/fallback RPC.",Replay fixture and observed testnet feed yield correct windows; missing/invalid spot samples are handled explicitly.,D022; D066,MVP,"D §§5.1,11.1,11.4, pp.10,21–22",Not started,Source-design task; use only if compatible or explicitly selected
D068,design,Implement market maker quote lifecycle,Quote perp through batch on tick moves and native spot through vault/Kuru integration.,"Bot cancels quotes on >0.02 divergence, alert or stale index and requotes without uncontrolled MON spend.",D055; D064; D066; D067,MVP,"D §11.4, p.22",Not started,Source-design task; use only if compatible or explicitly selected
D069,design,Implement permissionless liquidation worker,"Multicall health every two seconds, submit eligible liquidation calls and run final/halt funding sweeps.","Worker follows chain-confirmed eligibility, tolerates competing keepers and reaches frzCount=openCount.",D029; D030; D032; D066,Gated leverage,"D §11.4, p.23",Not started,Source-design task; use only if compatible or explicitly selected
D070,design,Configure role separation and redundant services,"Use distinct INDEXER/MONITOR/PROPOSER keys, Safe ADMIN/COMMITTEE and two provider hosts with restart policies.",Deployment inventory demonstrates no shared operational role key and a keeper-host failure leaves documented recovery coverage.,D066,MVP,"D §§11.3–11.5, pp.22–23",Not started,Source-design task; use only if compatible or explicitly selected
D071,design,Implement event-driven order-book reconstruction,"Index OrderPlaced, OrderCancelled and Fill into Envio depth/queue views using IDs and partial-fill updates.",Reconstructed book matches contract view samples after place/partial/full/cancel batches.,D046; D050; D066,MVP,"D §§9.10,11.5, pp.18,23",Not started,Source-design task; use only if compatible or explicitly selected
D072,design,Implement full protocol read models,"Add positions, funding, liquidation, stages, votes and claims to GraphQL with targeted view-call validation.",UI/bots can obtain each required field through indexed data or documented contract views.,D071; D066,MVP,"D §11.5, p.23",Not started,Source-design task; use only if compatible or explicitly selected
D073,design,Implement speculative receipt reconciliation,"Consume latest logs with blockId, show pending/final and discard state from abandoned proposals.",A simulated replacement block corrects optimistic fill/book/position state without leaving a false confirmed trade.,D071,MVP,"D §§10.1,10.6, pp.18–20",Not started,Source-design task; use only if compatible or explicitly selected
D074,design,Build source-D trading interface,"Expose book, IOC-default ticket, positions, W/E leverage, stage badge and approved tier countdown using Privy/wagmi/viem.",Quote entry and displayed leverage match contract views; no-leverage-available and maxFills≈8 states are explicit.,D015; D020; D053; D066; D072; D073,MVP,"D §§4.3,9.6,11.5, pp.9,16,23",Not started,Source-design task; use only if compatible or explicitly selected
D075,design,Build risk and resolution views,"Expose index health, stage, relevant shortfall/IF data, oracle state and pull-claim eligibility.","Dashboard represents selected backing policy and distinguishes proposal, challenge and final settlement states.",D040; D041; D072,MVP,"D §11.5, p.23",Not started,Source-design task; use only if compatible or explicitly selected
D076,design,Apply low-cost latency controls,"Use one embedded-wallet signature per action, measured explicit gas limits, higher cancel priority and RPC-near bot hosting.","Telemetry separates send, Proposed and Finalized time; configured limits are derived from D061 rather than source estimates alone.",D061; D068; D073; D074,MVP,"D §10.6, p.20",Not started,Source-design task; use only if compatible or explicitly selected
D077,design,Verify deployments and publish addresses,"Deploy configured contracts, verify on testnet explorer and record addresses/chain ID in README.",Published addresses match artifacts and UI/service network configuration; no mainnet identity is implied.,D063; D064; D065; D070,MVP,"D §§11.1–11.2, pp.21–22",Not started,Source-design task; use only if compatible or explicitly selected
D078,design,Install required CI gates,"Run Foundry unit/fuzz/invariant tests, gas snapshot check, size report, TypeScript checks/tests and Envio codegen.",One CI run covers all specified commands and reports measured-contract-size/gas failures clearly.,D059; D060; D066; D071,MVP,"D §11.5, p.23",Not started,Source-design task; use only if compatible or explicitly selected
D079,design,Map D oracle integration to oracle specification,"Carry forward CRE receiver, evidence CID/hash, voter gate, challenge watcher and Safe interfaces without duplicating incompatible oracle requirements.",Interface crosswalk names the authoritative oracle-source requirement for each D call/payload and flags conflicts.,D002; D066; D070,MVP,"D §§1.1,11.2–11.3,11.6, pp.3,22–23",Not started,Source-design task; use only if compatible or explicitly selected
D080,design,Calibrate edge and category risk parameters,"Produce tier/price-decile jump estimates, two-index delay evidence and C-1–C-8 linkage using stated PMXT dataset.",Report discloses one-week/51%-sports sample limitation and does not claim broader production validation.,D006; D008; D021; D025,Gated leverage,"D §§4.4,11.4,13, pp.9,23,25",Not started,Source-design task; use only if compatible or explicitly selected
D081,design,Measure compression harm,Replay tier changes and count positions reduced before an eventually correct terminal outcome.,C-7 output quantifies affected positions under chosen schedule and reports this product tradeoff.,D007; D031; D032; D080,Gated leverage,"D §13 item 2, p.25",Not started,Source-design task; use only if compatible or explicitly selected
D082,design,Record the on-chain versus hybrid decision,Keep fully on-chain for submission unless an explicit scoped decision changes it; record what latency would and would not improve.,"Decision includes operator trust, maker cost, soft-fill failures and 1–2 developer-week source estimate.",D062; D076,Decision,"D §§10.2–10.6,12.2, pp.19–20,25",Not started,Source-design task; use only if compatible or explicitly selected
D083,design,Define hybrid signed order and session authorization,"For approved phase two, define EIP-712 fields including epoch binding and expiring trade-only session-key rights.",Signature domain prevents cross-market/chain/replay use and session key cannot withdraw.,D003; D082,Post-MVP,"D §10.5 items 1,4, p.20; epoch-binding clarification",Not started,Source-design task; use only if compatible or explicitly selected
D084,design,Build hybrid operator shadow book,Implement memory price-time book and RiskMath shadow state with signed accepted-action sequence log.,"Risk outputs match Solidity vectors, accepted actions are reconstructible, and optional 250ms delay is explicitly configured.",D056; D083,Post-MVP,"D §10.5 item 2, p.20",Not started,Source-design task; use only if compatible or explicitly selected
D085,design,Build hybrid settlement and replay accounting,Implement operator-only match batches with signature/expiry/cumulative-fill checks and shared risk hooks.,Execution uses maker price within taker limit; failed matches skip/report without invalidating valid matches; fill replay cannot overfill.,D056; D083; D084,Post-MVP,"D §10.5 item 3, p.20",Not started,Source-design task; use only if compatible or explicitly selected
D086,design,Implement hybrid cancel and direct escape paths,"Provide operator soft cancel, on-chain epoch kill switch and operator-independent top-up/liquidation/claim paths.",Killing an epoch invalidates all older signatures; operator outage cannot block direct authorized collateral/risk actions.,D029; D032; D041; D083; D085,Post-MVP,"D §10.5 items 4–5, p.20",Not started,Source-design task; use only if compatible or explicitly selected
D087,design,Implement hybrid mark and operational persistence,"Post operator BBO within band or explicitly approve settled-fill mark; add order persistence, reconciliation and order WebSocket.",Soft versus chain-confirmed fills remain distinct and restart reconstructs unsettled/settled order state without double execution.,D024; D073; D084; D085,Post-MVP,"D §§10.4–10.5,11.5, pp.19–20,23",Not started,Source-design task; use only if compatible or explicitly selected
D088,design,Audit all fourteen reference-plan amendments,Map each D12 amendment to implementation task/result and to affected reference-plan section.,All fourteen rows have a retained/replaced/deferred decision and no silent omission.,D001; D037; D055; D061; D073,MVP,"D §12.1, p.24",Not started,Source-design task; use only if compatible or explicitly selected
D089,design,Publish limitations and model qualifications,"Retain all nine limitations plus explicit distinction between source assumptions, measured results and compiler-added gaps.","Project document discloses testnet-only status, key/committee trust, correlated LLM errors, thin books, lag and calibration scope.",D001; D006; D080; D081,MVP,"D §13, p.25",Not started,Source-design task; use only if compatible or explicitly selected
D090,design,Complete source-to-task traceability review,"Check all fourteen source sections, displayed equations/tables, stack rows, decisions and references against chapter and task register.","Coverage map links every source section to the preserved master chapter, task IDs and exact original appendix.",D088; D089,MVP,"D §§1–14, pp.3–25",Not started,Source-design task; use only if compatible or explicitly selected
